FIPS,%_african_american,%_natamer_alaskan,%_asian,%_hawaii_pacisl,%_hisp,%_nonhisp_white
1001,19.0,0.5,1.1,0.1,2.7,75.0
1003,9.0,0.8,1.1,0.1,4.4,83.2
1005,47.5,0.6,0.5,0.2,4.2,46.5
1007,21.6,0.4,0.2,0.1,2.5,74.4
1009,1.4,0.6,0.3,0.1,9.1,87.5
1011,69.3,0.9,0.3,0.7,7.8,21.5
1013,44.1,0.4,1.1,0.1,1.3,52.2
1015,20.7,0.5,0.9,0.1,3.6,72.6
1017,39.3,0.3,1.1,0.1,2.3,56.0
1019,4.3,0.6,0.3,0.0,1.6,91.7
1021,9.9,0.5,0.5,0.2,7.6,80.6
1023,41.4,0.2,0.2,0.0,1.0,56.6
1025,44.0,0.5,0.5,0.0,1.4,52.8
1027,13.9,0.5,0.2,0.0,3.0,80.4
1029,3.1,0.4,0.2,0.1,2.5,92.7
1031,17.2,1.4,1.5,0.4,7.0,70.7
1033,15.9,0.6,0.6,0.1,2.5,78.8
1035,46.3,0.4,0.2,0.0,2.0,50.0
1037,30.6,0.6,0.1,0.2,2.2,65.6
1039,12.7,0.7,0.5,0.0,1.6,83.2
1041,23.5,0.6,1.6,0.0,1.9,70.8
1043,1.1,0.6,0.6,0.1,4.3,92.3
1045,19.9,0.9,1.3,0.2,6.1,69.5
1047,69.9,0.2,0.5,0.0,1.1,27.6
1049,1.5,2.1,0.4,0.7,14.3,80.7
1051,21.1,0.5,0.7,0.1,2.8,73.4
1053,31.9,3.6,0.3,0.1,2.2,60.3
1055,15.4,0.6,0.8,0.3,3.8,78.1
1057,11.8,0.4,0.3,0.0,1.6,84.9
1059,3.8,1.5,0.4,0.2,16.8,77.2
1061,9.4,1.0,0.3,0.1,3.9,83.9
1063,80.3,0.3,0.2,0.0,1.2,17.3
1065,57.4,0.2,0.3,0.0,1.4,40.1
1067,26.6,0.4,0.5,0.0,2.6,68.8
1069,26.6,0.5,1.0,0.1,3.2,67.1
1071,3.3,1.6,0.6,0.1,2.8,89.5
1073,43.0,0.3,1.7,0.1,3.7,50.2
1075,10.6,0.3,0.1,0.0,1.5,86.1
1077,10.1,0.4,0.8,0.1,2.6,84.8
1079,10.8,5.8,0.2,0.0,2.1,76.7
1081,23.1,0.4,3.7,0.1,3.8,67.6
1083,13.2,0.8,1.6,0.2,5.8,76.9
1085,72.9,0.3,0.3,0.0,1.5,24.5
1087,80.7,0.3,0.5,0.0,1.8,15.6
1089,24.4,0.8,2.7,0.1,4.8,65.0
1091,51.0,0.2,0.3,0.2,2.5,45.1
1093,3.9,0.4,0.3,0.1,2.5,91.9
1095,2.2,1.1,0.8,0.2,13.5,81.4
1097,35.5,1.0,2.0,0.1,2.8,57.3
1099,40.7,1.3,0.4,0.0,1.3,54.7
1101,57.6,0.3,2.9,0.1,3.3,34.7
1103,12.3,1.1,0.8,0.1,8.1,76.1
1105,67.1,0.2,0.5,0.1,1.6,29.9
1107,39.8,0.3,0.3,0.3,4.3,54.4
1109,37.3,0.7,2.2,0.1,2.2,56.0
1111,19.7,0.5,0.4,0.1,3.0,75.2
1113,43.9,0.6,0.9,0.3,5.5,47.1
1115,9.3,0.4,0.8,0.1,2.4,85.9
1117,12.3,0.4,2.1,0.1,5.7,78.4
1119,71.9,0.1,1.5,0.0,1.1,24.8
1121,32.3,0.4,0.6,0.0,2.2,63.1
1123,26.5,0.4,0.5,0.0,2.5,69.1
1125,31.5,0.3,1.5,0.1,3.5,62.1
1127,6.1,0.5,0.6,0.1,2.5,89.1
1129,23.7,7.9,1.2,0.1,1.4,64.6
1131,70.0,0.2,0.2,0.0,1.2,27.6
1133,0.8,0.8,0.4,0.2,3.0,94.0
2013,9.5,19.0,44.3,0.9,13.5,10.9
2016,7.1,12.3,38.9,2.3,13.9,24.1
2020,5.4,8.7,9.6,2.5,9.0,58.6
2050,0.7,83.4,0.9,0.3,2.3,9.9
2060,0.2,34.5,1.4,0.3,4.6,43.7
2068,1.3,4.9,4.1,0.1,3.0,82.5
2070,0.7,71.6,0.9,0.1,3.3,16.2
2090,4.9,7.7,3.3,0.6,7.9,70.2
2100,0.6,10.3,1.1,0.0,3.1,78.0
2105,0.9,39.8,1.6,0.0,5.5,45.2
2110,1.2,11.8,6.7,1.1,6.7,64.9
2122,0.7,7.8,1.4,0.3,4.2,80.7
2130,0.8,14.1,8.5,0.3,4.6,64.3
2150,1.0,12.6,21.3,1.1,9.3,50.0
2158,0.3,93.1,0.3,0.0,1.5,3.7
2164,1.0,63.3,1.2,0.3,2.9,22.6
2170,1.1,6.7,1.6,0.4,4.8,79.8
2180,0.6,75.8,1.3,0.2,2.3,14.7
2185,1.3,52.2,6.3,1.7,4.1,31.3
2188,1.1,79.9,0.8,0.2,2.5,11.1
2195,1.7,11.2,3.0,0.5,6.1,71.8
2198,0.5,42.7,0.7,0.4,4.0,45.0
2220,1.1,16.2,7.7,0.4,6.9,61.4
2230,0.8,5.7,2.0,0.2,5.1,82.1
2240,1.6,12.2,1.7,0.5,5.7,74.1
2261,0.8,13.9,4.4,0.7,4.7,70.0
2275,0.6,16.8,2.8,0.0,2.4,67.2
2282,3.2,36.9,6.8,1.3,4.5,32.9
2290,0.6,70.6,0.3,0.1,2.4,21.6
4001,0.5,75.4,0.4,0.0,5.9,18.0
4003,3.9,1.8,2.2,0.4,35.0,55.7
4005,1.2,27.5,1.9,0.2,13.8,54.7
4007,0.6,17.2,0.9,0.1,18.6,62.8
4009,1.6,14.0,0.7,0.2,32.6,51.0
4011,1.5,3.7,0.9,0.1,46.1,47.4
4012,0.9,18.5,0.9,0.1,26.9,57.5
4013,5.3,2.8,4.3,0.3,30.7,56.1
4015,1.0,3.0,1.2,0.2,16.2,77.7
4017,0.8,46.2,0.7,0.1,11.2,41.2
4019,3.3,4.3,3.2,0.2,36.8,52.5
4021,4.4,6.6,1.9,0.4,29.4,57.8
4023,0.4,1.4,0.7,0.1,83.3,15.1
4025,0.7,2.1,1.1,0.1,14.4,80.8
4027,1.9,2.3,1.5,0.3,62.8,31.9
5001,24.1,0.3,0.9,0.0,3.1,70.1
5003,25.0,0.7,0.3,0.1,5.2,68.1
5005,0.3,0.7,0.5,0.0,2.3,94.9
5007,1.7,1.9,3.9,0.6,16.4,74.0
5009,0.3,0.9,0.7,0.1,2.4,94.0
5011,27.8,1.6,0.4,0.0,14.9,55.6
5013,21.7,0.6,0.2,0.0,3.9,72.4
5015,0.5,1.3,1.0,0.9,15.0,80.2
5017,53.8,0.4,0.6,0.0,5.5,39.2
5019,23.8,0.6,0.6,0.1,4.8,68.8
5021,0.7,0.4,0.1,0.0,1.9,95.7
5023,0.4,0.7,0.4,0.0,2.3,94.9
5025,11.5,0.4,0.1,0.0,2.3,84.5
5027,35.3,0.5,1.1,0.0,2.7,59.3
5029,11.5,0.7,0.5,0.0,3.9,81.5
5031,15.0,0.5,1.2,0.1,4.9,77.1
5033,1.4,2.5,1.6,0.1,7.5,84.7
5035,52.9,0.3,0.6,0.0,2.5,42.6
5037,23.1,0.4,0.6,0.0,2.0,72.7
5039,41.9,0.5,0.2,0.0,3.2,52.6
5041,46.2,0.4,0.5,0.1,6.1,45.8
5043,27.8,0.5,0.8,0.0,3.1,66.8
5045,11.5,0.7,1.2,0.1,4.0,80.8
5047,0.8,1.4,0.9,0.1,2.9,92.4
5049,0.6,0.7,0.3,0.0,1.4,95.4
5051,8.4,0.7,0.9,0.1,5.4,82.4
5053,2.7,0.5,0.4,0.1,2.5,92.7
5055,1.5,0.6,0.4,0.3,2.8,93.4
5057,29.7,0.7,0.6,0.2,12.6,55.0
5059,11.2,0.6,0.4,0.1,3.4,82.8
5061,20.3,1.5,0.6,0.1,12.2,64.4
5063,2.1,0.7,0.8,0.3,6.2,88.9
5065,2.0,1.0,0.5,0.0,2.1,93.2
5067,17.6,0.7,0.5,0.2,2.7,76.9
5069,56.2,0.4,0.9,0.1,2.0,39.3
5071,1.6,1.1,1.9,0.1,13.9,80.1
5073,36.8,0.4,0.5,0.0,2.6,58.9
5075,1.0,0.5,0.2,0.0,1.4,95.6
5077,54.0,0.7,0.5,0.0,2.6,41.0
5079,30.5,0.5,0.3,0.0,3.7,64.1
5081,19.8,1.7,0.4,0.1,3.7,72.6
5083,1.4,1.2,2.0,0.0,2.9,90.9
5085,6.0,0.7,1.0,0.1,4.4,86.2
5087,0.4,1.7,0.7,0.7,5.5,89.7
5089,0.4,0.9,0.4,0.1,2.2,94.6
5091,25.1,0.8,0.5,0.1,3.2,69.0
5093,35.3,0.4,0.5,0.0,4.1,58.5
5095,39.9,0.7,0.7,0.0,2.8,54.4
5097,0.4,1.2,1.0,0.0,4.2,91.2
5099,30.6,0.4,0.3,0.0,3.6,63.6
5101,0.3,1.2,0.3,0.0,1.7,94.3
5103,39.6,0.5,0.4,0.1,2.2,55.5
5105,1.9,0.9,0.3,0.0,2.9,92.3
5107,61.6,0.3,0.5,0.0,2.0,34.8
5109,3.4,1.1,0.7,0.1,6.7,87.0
5111,8.0,0.3,0.3,0.0,2.9,87.2
5113,0.4,2.1,0.8,0.0,6.6,88.0
5115,3.2,1.0,1.2,0.1,8.8,84.3
5117,12.0,0.4,0.2,0.1,1.6,84.6
5119,36.6,0.5,2.3,0.0,6.1,52.8
5121,1.0,0.6,0.3,0.0,1.9,95.1
5123,52.4,0.7,0.6,0.1,5.0,40.4
5125,7.1,0.5,1.3,0.1,4.5,85.4
5127,0.6,2.5,3.5,0.0,7.6,84.5
5129,0.3,1.3,0.5,0.0,2.0,93.6
5131,6.4,2.2,4.7,0.2,13.9,70.2
5133,4.0,3.4,0.6,0.7,33.0,57.9
5135,0.7,1.0,0.6,0.0,2.1,93.7
5137,0.3,0.8,0.4,0.0,2.0,94.8
5139,32.7,0.6,0.7,0.1,4.0,60.9
5141,0.5,0.9,0.4,0.0,3.1,93.5
5143,3.3,1.5,2.6,2.3,16.4,72.1
5145,4.4,0.6,0.7,0.1,4.2,88.4
5147,26.1,0.5,0.2,0.1,1.9,69.8
5149,1.5,1.0,1.3,0.1,19.5,76.2
6001,10.7,1.1,30.2,1.0,22.5,32.1
6003,0.1,22.0,1.0,0.0,10.4,67.8
6005,1.9,2.4,1.5,0.3,13.6,78.9
6007,1.5,2.4,4.7,0.3,16.0,72.7
6009,0.8,1.8,1.6,0.3,11.6,81.7
6011,0.9,2.7,1.8,0.6,58.8,35.8
6013,8.8,1.0,17.1,0.6,25.4,44.6
6015,3.1,9.2,3.4,0.2,19.7,63.0
6017,0.9,1.3,4.3,0.2,12.8,78.1
6019,4.7,3.0,10.8,0.3,52.8,30.0
6021,0.8,3.2,3.1,0.2,41.7,51.5
6023,1.2,6.4,2.9,0.3,11.3,74.7
6025,2.5,2.6,2.2,0.2,83.8,11.1
6027,0.8,13.1,1.6,0.1,21.4,63.4
6029,5.2,2.6,5.2,0.3,52.8,34.8
6031,6.1,3.1,4.5,0.3,54.2,32.7
6033,1.7,4.2,1.4,0.3,20.0,71.1
6035,7.8,4.3,1.5,0.8,18.6,66.2
6037,8.1,1.5,15.1,0.4,48.5,26.5
6039,3.3,4.4,2.4,0.3,57.4,34.7
6041,2.5,1.0,6.3,0.2,16.0,71.9
6043,0.9,3.4,1.6,0.2,11.0,80.6
6045,0.7,6.3,2.1,0.2,25.0,65.5
6047,3.0,2.5,7.9,0.4,58.9,28.4
6049,1.0,5.2,1.1,0.3,15.2,77.0
6051,0.7,2.9,1.8,0.8,27.7,65.3
6053,2.6,2.7,6.8,0.6,58.3,30.3
6055,2.0,1.3,8.5,0.4,33.9,53.0
6057,0.4,1.3,1.4,0.2,9.5,85.4
6059,1.6,1.1,20.4,0.4,34.3,41.1
6061,1.6,1.1,7.4,0.3,13.8,73.3
6063,1.0,3.2,1.3,0.1,9.0,83.3
6065,6.1,1.9,6.9,0.4,48.4,36.2
6067,9.8,1.6,16.2,1.3,23.0,45.6
6069,0.9,3.1,3.4,0.4,59.2,35.1
6071,8.2,2.0,7.4,0.5,52.8,29.3
6073,4.7,1.3,12.2,0.6,33.5,46.0
6075,5.0,0.8,35.4,0.4,15.2,40.9
6077,7.0,2.0,16.3,0.8,41.2,32.8
6079,1.7,1.4,3.9,0.2,22.3,69.2
6081,2.3,0.8,28.9,1.6,24.8,39.8
6083,1.8,2.2,5.9,0.2,45.1,45.0
6085,2.4,1.3,36.5,0.5,25.9,32.3
6087,1.0,1.8,4.9,0.2,33.5,57.7
6089,0.9,3.1,3.0,0.2,9.8,80.4
6091,0.3,2.4,0.6,0.1,11.0,83.9
6093,1.4,4.8,1.4,0.3,12.3,76.6
6095,13.8,1.2,15.7,1.0,26.2,38.7
6097,1.5,2.2,4.4,0.4,26.6,64.0
6099,2.6,2.0,5.9,0.9,45.6,42.8
6101,2.0,2.4,17.0,0.4,30.5,46.7
6103,0.7,3.4,1.4,0.2,24.7,68.6
6105,0.5,5.1,1.2,0.2,7.3,82.6
6107,1.2,2.8,4.0,0.2,64.1,29.2
6109,1.9,2.2,1.3,0.2,12.2,80.4
6111,1.7,1.8,7.6,0.3,42.5,45.8
6113,2.4,1.8,14.6,0.6,31.5,47.3
6115,3.4,2.9,7.3,0.5,27.8,55.8
8001,3.1,2.2,4.2,0.2,39.6,50.8
8003,1.2,5.4,1.6,0.3,46.1,48.5
8005,10.3,1.1,6.0,0.3,18.9,61.2
8007,0.6,3.5,1.2,0.1,18.0,77.0
8009,0.7,1.9,0.3,0.0,10.4,85.6
8011,7.4,3.3,1.8,0.1,32.0,56.5
8013,0.9,0.8,4.6,0.1,13.8,78.2
8014,1.3,0.8,6.2,0.1,12.2,77.6
8015,1.6,1.6,0.8,0.1,10.4,84.9
8017,0.8,1.4,0.5,0.1,12.5,84.4
8019,0.8,1.2,0.9,0.1,6.4,89.3
8021,0.3,3.9,0.7,0.2,53.1,44.2
8023,0.8,5.4,1.5,0.4,61.8,33.7
8025,10.2,3.4,1.5,0.0,31.6,53.7
8027,1.2,1.0,0.6,0.0,5.8,90.2
8029,0.6,1.4,0.9,0.1,15.2,81.2
8031,9.1,1.9,3.9,0.2,30.2,54.1
8033,0.2,3.2,0.1,0.1,6.1,88.3
8035,1.2,0.5,4.6,0.1,8.5,83.2
8037,1.0,1.3,1.2,0.1,29.7,67.1
8039,0.8,0.9,1.1,0.2,6.8,89.1
8041,6.0,1.4,2.9,0.4,16.7,69.9
8043,3.8,1.9,1.2,0.1,13.0,79.1
8045,0.6,1.7,0.9,0.2,28.2,68.6
8047,0.9,1.2,1.6,0.2,6.9,87.7
8049,0.7,0.7,0.9,0.2,8.4,88.1
8051,0.6,2.4,0.8,0.1,8.9,87.7
8053,0.6,1.3,0.9,0.0,4.3,90.6
8055,0.7,5.2,0.9,0.2,33.7,61.9
8057,0.1,2.3,0.6,0.0,11.6,85.9
8059,1.0,1.2,2.9,0.1,15.2,78.6
8061,0.6,0.8,0.0,0.5,7.3,90.8
8063,2.9,1.3,0.8,0.2,20.2,74.2
8065,0.5,2.4,0.6,0.1,36.6,60.1
8067,0.5,7.3,0.7,0.1,12.7,78.7
8069,0.9,1.0,2.3,0.1,11.2,83.1
8071,1.6,3.6,1.2,0.1,42.2,52.7
8073,5.4,1.2,1.0,0.1,13.6,77.9
8075,3.5,1.7,1.1,0.1,15.5,78.0
8077,0.7,1.5,0.9,0.1,14.4,81.7
8079,0.7,1.0,0.4,0.0,5.9,91.4
8081,0.7,1.6,0.8,0.1,15.6,80.5
8083,0.3,14.5,0.8,0.1,12.4,71.7
8085,0.5,1.8,0.9,0.3,20.4,76.2
8087,2.9,1.7,0.7,0.3,35.7,59.3
8089,0.9,3.6,1.0,0.2,41.6,54.7
8091,0.1,0.7,0.6,0.1,6.2,91.1
8093,0.7,1.3,1.1,0.0,6.0,89.4
8095,0.6,1.0,0.7,0.1,20.9,76.7
8097,1.1,0.5,1.5,0.2,9.9,86.0
8099,0.6,1.8,0.5,0.0,37.3,59.9
8101,1.8,3.1,1.0,0.2,42.8,52.4
8103,1.3,1.7,0.9,0.1,9.8,84.4
8105,0.4,3.3,0.6,0.1,44.0,52.7
8107,0.8,0.6,0.8,0.1,7.1,89.7
8109,0.8,3.5,0.9,0.0,36.8,58.1
8111,0.4,0.6,1.2,0.0,13.3,82.6
8113,0.5,1.3,0.9,0.1,10.7,85.9
8115,0.7,1.0,1.2,0.0,15.6,81.1
8117,0.9,0.9,1.2,0.1,13.9,82.7
8119,0.8,1.3,0.9,0.1,6.5,89.0
8121,0.9,0.3,0.4,0.1,9.1,88.0
8123,1.1,1.6,1.6,0.2,29.1,66.3
8125,0.4,0.9,0.5,0.2,22.1,76.2
9001,10.9,0.5,5.7,0.1,19.4,62.6
9003,13.1,0.5,5.4,0.1,17.6,62.1
9005,1.4,0.3,1.9,0.1,5.9,89.3
9007,4.8,0.3,3.1,0.1,6.1,84.2
9009,12.6,0.5,4.3,0.1,17.6,63.7
9011,5.7,1.2,4.5,0.2,10.4,75.7
9013,3.2,0.3,4.6,0.1,5.4,85.0
9015,1.8,0.7,1.5,0.1,11.5,83.1
10001,24.6,0.7,2.3,0.1,6.9,62.4
10003,24.2,0.4,5.6,0.1,9.8,58.2
10005,12.1,1.2,1.3,0.1,9.3,75.0
11001,46.1,0.6,4.1,0.2,10.9,36.4
12001,20.0,0.3,6.0,0.1,9.4,62.0
12003,13.7,0.4,0.7,0.0,2.5,81.3
12005,10.9,0.8,2.3,0.2,6.3,77.0
12007,18.9,0.5,0.6,0.1,4.0,74.3
12009,10.0,0.5,2.4,0.1,9.9,75.2
12011,28.0,0.4,3.8,0.1,28.7,37.7
12013,12.7,1.3,0.8,0.1,5.8,77.5
12015,5.6,0.3,1.4,0.1,6.9,84.5
12017,2.8,0.4,1.6,0.0,5.4,88.5
12019,10.5,0.5,3.1,0.2,9.6,73.8
12021,6.7,0.5,1.4,0.1,27.0,63.8
12023,17.8,0.6,1.0,0.1,6.0,72.9
12027,12.2,1.1,0.8,0.2,31.1,54.8
12029,9.6,0.5,0.4,0.0,4.2,83.8
12031,29.3,0.4,4.9,0.1,9.2,53.9
12033,22.5,0.9,3.2,0.2,5.6,64.8
12035,10.2,0.4,2.4,0.1,10.3,75.2
12037,13.6,0.8,0.4,0.1,5.3,78.3
12039,55.3,0.6,0.7,0.1,10.2,32.7
12041,4.6,0.7,0.6,0.1,5.6,87.5
12043,12.5,5.6,0.6,0.1,21.4,60.4
12045,18.0,0.6,0.6,0.0,4.7,74.6
12047,33.1,1.0,0.8,0.0,9.1,54.9
12049,6.9,1.1,1.1,0.1,43.4,47.2
12051,11.4,2.2,1.0,0.2,52.0,33.4
12053,5.0,0.5,1.3,0.1,12.4,79.4
12055,9.6,0.7,1.5,0.1,19.1,68.1
12057,15.9,0.5,4.2,0.1,27.6,50.3
12059,6.5,0.9,0.7,0.2,2.8,87.0
12061,8.9,0.5,1.5,0.0,12.0,76.0
12063,26.3,0.8,0.7,0.2,4.8,65.8
12065,34.2,0.5,0.6,0.0,4.2,59.4
12067,14.5,0.8,0.3,0.1,12.5,71.0
12069,9.9,0.6,2.3,0.2,14.7,71.2
12071,8.1,0.5,1.7,0.1,20.5,68.3
12073,31.0,0.3,3.6,0.1,6.2,57.0
12075,9.0,0.7,0.7,0.1,8.3,80.1
12077,18.8,1.2,0.4,0.0,6.8,71.8
12079,38.2,0.7,0.4,0.0,4.9,54.7
12081,8.5,0.5,2.2,0.1,16.1,71.6
12083,12.5,0.5,1.7,0.1,12.5,71.4
12085,5.2,1.0,1.4,0.2,13.2,79.0
12086,16.2,0.3,1.6,0.0,67.7,13.8
12087,6.1,0.5,1.4,0.1,23.0,67.7
12089,5.8,0.5,1.0,0.1,4.2,87.3
12091,9.5,0.7,3.2,0.2,8.7,74.4
12093,8.3,1.5,1.1,0.1,25.5,63.2
12095,20.3,0.6,5.6,0.2,30.5,41.6
12097,9.6,0.8,2.9,0.2,52.3,33.7
12099,18.3,0.6,2.8,0.1,21.5,56.0
12101,5.1,0.4,2.5,0.1,14.3,76.1
12103,10.4,0.4,3.5,0.1,9.3,74.8
12105,14.5,0.6,1.9,0.1,21.1,60.6
12107,15.9,0.7,0.6,0.2,9.8,71.7
12109,5.2,0.3,2.9,0.1,6.6,83.4
12111,19.3,0.5,1.9,0.1,18.3,58.5
12113,6.2,0.9,2.1,0.2,5.4,82.7
12115,4.4,0.3,1.7,0.1,8.9,83.6
12117,11.1,0.4,4.5,0.1,20.4,62.0
12119,7.2,0.4,0.9,0.1,5.5,85.3
12121,12.9,0.7,0.7,0.1,9.1,75.6
12123,19.6,0.9,0.9,0.0,4.2,72.7
12125,22.3,0.6,0.6,0.0,5.8,69.3
12127,10.3,0.5,1.9,0.1,13.0,72.8
12129,13.9,0.7,0.7,0.1,3.8,79.3
12131,5.3,0.8,1.2,0.2,6.1,84.4
12133,14.9,1.4,0.6,0.1,3.6,77.6
13001,18.7,0.6,0.9,0.2,9.6,69.5
13003,16.5,1.4,0.9,1.1,25.2,56.2
13005,16.1,0.3,0.6,0.2,8.7,73.1
13007,45.0,0.4,1.1,0.1,5.6,47.0
13009,42.0,0.3,1.8,0.1,2.2,52.6
13011,2.6,0.5,1.3,0.2,6.7,87.8
13013,11.3,0.5,3.7,0.1,10.3,72.7
13015,10.6,0.6,0.9,0.1,8.5,78.1
13017,35.2,0.7,0.9,0.1,6.1,56.5
13019,10.3,0.4,1.1,0.1,5.1,82.3
13021,54.4,0.3,2.0,0.1,3.2,38.8
13023,26.4,0.2,1.2,0.0,2.8,68.3
13025,3.2,0.4,0.3,0.0,2.1,92.4
13027,34.7,0.4,0.9,0.2,5.9,56.9
13029,14.0,0.5,2.0,0.2,7.1,73.9
13031,29.1,0.4,1.6,0.1,3.7,63.8
13033,47.3,0.4,0.5,0.1,3.1,47.4
13035,27.8,0.3,0.6,0.0,3.2,66.9
13037,60.8,0.6,0.8,0.3,4.7,32.3
13039,18.7,0.7,1.4,0.2,6.5,70.1
13043,24.5,0.3,1.1,0.2,11.3,62.2
13045,18.7,0.6,1.0,0.1,6.9,71.1
13047,2.6,0.4,1.4,0.1,2.9,91.1
13049,30.8,0.7,0.7,0.0,3.7,62.6
13051,39.7,0.3,2.9,0.1,6.3,49.0
13053,19.1,1.5,3.0,0.8,14.4,59.4
13055,9.8,0.4,0.6,0.3,5.0,82.8
13057,6.3,0.5,1.9,0.1,10.0,79.8
13059,27.6,0.4,4.4,0.1,10.8,55.3
13061,59.9,0.4,0.5,0.0,1.5,36.7
13063,68.8,0.6,5.3,0.1,13.1,10.8
13065,26.9,0.9,0.3,0.1,5.3,65.2
13067,26.9,0.5,5.3,0.1,12.9,52.7
13069,27.7,0.5,1.0,0.1,11.6,58.3
13071,22.6,1.4,0.9,0.2,19.6,55.8
13073,16.5,0.4,4.3,0.2,6.6,69.6
13075,26.6,0.4,0.8,0.1,5.9,65.3
13077,17.7,0.4,2.0,0.1,6.8,71.6
13079,20.5,0.7,0.8,0.1,3.1,74.0
13081,44.1,0.3,1.2,0.1,3.3,50.1
13083,1.1,0.6,1.0,0.1,2.3,93.9
13085,0.6,0.4,0.6,0.1,4.2,92.9
13087,41.5,0.8,0.6,0.1,5.9,50.8
13089,54.1,0.5,6.4,0.1,8.5,29.1
13091,29.2,0.4,0.5,0.2,3.6,65.5
13093,48.2,0.2,0.8,0.1,7.7,42.3
13095,69.5,0.3,0.9,0.2,2.7,25.6
13097,44.5,0.4,1.7,0.2,9.4,42.1
13099,49.8,0.5,0.7,0.0,2.2,46.0
13101,4.3,2.8,0.8,0.2,29.6,62.3
13103,13.5,0.4,1.1,0.1,4.1,79.0
13105,28.4,0.4,0.8,0.0,5.6,63.9
13107,34.0,0.4,0.6,0.0,4.6,59.8
13109,29.3,0.6,1.2,0.4,11.8,57.0
13111,0.7,0.4,0.5,0.0,2.2,95.0
13113,22.5,0.4,4.9,0.1,7.1,63.5
13115,14.3,0.8,1.5,0.3,10.8,71.7
13117,3.3,0.5,12.0,0.1,9.3,73.7
13119,9.1,0.4,1.0,0.1,4.6,83.8
13121,43.6,0.3,7.0,0.0,7.3,40.1
13123,0.5,0.7,0.6,0.5,11.7,85.9
13125,9.0,0.5,0.1,0.0,1.5,87.3
13127,26.0,0.5,1.5,0.2,6.9,63.8
13129,4.0,0.7,1.1,0.4,15.5,77.9
13131,28.3,1.3,0.7,0.3,10.8,58.7
13133,34.2,0.6,0.9,0.1,6.3,57.1
13135,26.5,0.8,11.9,0.1,20.8,38.5
13137,3.5,1.0,2.5,0.3,14.4,78.1
13139,7.3,0.8,2.0,0.2,28.0,61.3
13141,71.5,0.5,1.0,0.0,2.2,24.2
13143,4.7,0.3,0.7,0.0,1.7,91.2
13145,16.6,0.4,1.0,0.1,3.3,77.3
13147,18.7,0.2,1.0,0.0,3.7,75.0
13149,9.9,0.5,0.6,0.0,2.7,84.8
13151,42.4,0.3,3.4,0.1,6.6,45.4
13153,30.4,0.5,2.9,0.2,6.6,57.2
13155,27.1,0.2,0.9,0.0,3.7,67.4
13157,6.9,0.4,1.9,0.1,7.3,82.2
13159,19.9,0.5,0.3,0.0,3.9,74.2
13161,14.7,0.8,0.7,0.1,11.9,71.6
13163,52.7,0.2,0.8,0.1,3.7,42.0
13165,41.7,0.5,0.6,0.2,5.5,51.2
13167,34.1,0.3,0.3,0.0,2.4,62.3
13169,24.9,0.3,0.6,0.0,1.5,71.6
13171,30.0,0.3,0.6,0.0,2.5,65.1
13173,21.3,1.0,1.3,0.0,5.7,68.7
13175,36.2,0.3,1.1,0.0,2.7,58.7
13177,20.5,0.4,2.5,0.1,3.0,72.5
13179,41.1,0.7,2.1,0.6,12.3,39.9
13181,30.7,0.5,0.5,0.0,1.5,65.4
13183,24.8,0.8,1.0,0.5,11.9,58.1
13185,36.3,0.5,1.9,0.2,5.6,54.2
13187,1.5,0.7,0.7,0.1,4.6,90.8
13189,40.8,0.4,0.5,0.1,2.9,53.9
13191,33.9,0.6,0.4,0.1,2.1,61.8
13193,59.5,0.5,1.7,0.1,4.1,33.7
13195,8.9,0.3,1.7,0.0,5.2,82.6
13197,30.1,1.1,1.0,0.9,7.4,59.1
13199,38.9,0.5,0.7,0.1,2.1,56.6
13201,26.2,0.4,0.6,0.1,2.7,69.0
13205,47.4,0.6,0.6,0.1,4.3,46.5
13207,22.9,0.3,1.0,0.0,2.3,72.4
13209,25.2,0.2,0.4,0.0,6.5,66.5
13211,22.7,0.8,0.8,0.0,3.3,71.7
13213,0.7,1.0,0.5,0.3,14.6,83.0
13215,45.7,0.5,2.7,0.2,7.6,41.1
13217,44.0,0.4,1.1,0.1,5.3,47.6
13219,4.9,0.3,4.0,0.0,4.9,84.8
13221,16.6,0.3,1.3,0.0,4.3,75.8
13223,18.5,0.4,1.1,0.1,6.1,72.2
13225,43.9,0.5,1.2,0.1,7.2,45.9
13227,1.1,0.5,0.8,0.0,3.1,93.4
13229,8.5,0.8,0.8,0.1,5.2,83.7
13231,9.4,0.3,0.4,0.0,1.6,86.9
13233,12.5,0.8,0.9,0.2,13.0,72.0
13235,31.9,0.5,1.0,0.1,3.5,62.3
13237,26.4,0.5,0.6,0.3,6.6,65.2
13239,47.4,0.7,0.3,0.0,1.8,49.1
13241,1.3,0.6,1.0,0.1,8.2,87.7
13243,60.8,0.1,0.6,0.1,2.6,35.2
13245,55.4,0.4,1.8,0.2,4.9,35.2
13247,52.5,0.6,1.9,0.1,10.3,33.3
13249,20.7,0.1,0.7,0.0,5.2,72.3
13251,41.1,0.4,0.6,0.0,2.1,54.9
13253,33.7,0.3,0.7,0.0,3.1,61.0
13255,33.3,0.5,1.0,0.1,4.6,59.3
13257,10.9,0.4,0.9,0.1,3.2,82.6
13259,43.6,0.6,2.0,0.0,27.8,25.6
13261,52.4,0.6,1.4,0.2,5.4,39.6
13263,55.2,0.5,0.3,0.0,2.6,40.4
13265,55.7,0.3,1.0,0.0,4.3,37.4
13267,28.7,0.7,0.6,0.2,11.1,58.4
13269,38.2,0.2,0.8,0.0,2.5,57.5
13271,34.8,0.4,0.7,0.1,14.3,49.2
13273,59.8,0.5,0.4,0.2,2.8,35.7
13275,36.3,0.6,1.0,0.1,3.7,57.5
13277,29.2,0.5,1.6,0.1,11.8,56.3
13279,25.3,0.8,0.9,0.2,11.5,60.7
13281,1.0,0.4,0.8,0.0,2.5,94.5
13283,32.0,0.3,0.3,0.0,2.5,63.9
13285,35.6,0.4,2.0,0.2,3.6,57.0
13287,38.7,0.5,0.8,0.2,4.6,54.5
13289,41.2,0.4,0.3,0.0,2.3,54.6
13291,0.7,0.5,0.7,0.0,3.1,94.0
13293,28.0,0.5,0.7,0.1,2.4,67.4
13295,4.3,0.3,0.6,0.1,2.1,91.2
13297,17.2,0.4,1.5,0.1,4.2,75.5
13299,29.4,0.5,1.0,0.1,4.0,63.7
13301,58.8,0.3,0.6,0.0,1.5,37.9
13303,52.8,0.2,0.7,0.0,2.3,43.3
13305,19.4,0.6,0.6,0.1,6.3,71.6
13307,41.9,0.4,0.5,0.0,3.9,52.1
13309,37.2,0.1,0.3,0.0,5.3,56.1
13311,1.9,0.6,0.5,0.1,3.2,92.3
13313,3.6,1.4,1.7,0.2,34.4,59.1
13315,34.2,0.3,0.7,0.0,4.7,58.9
13317,41.5,0.3,0.9,0.0,4.5,51.3
13319,38.6,0.5,0.6,0.0,2.6,56.6
13321,28.0,0.4,0.6,0.1,2.3,67.6
15001,0.6,0.6,21.6,13.0,12.6,30.2
15003,2.5,0.3,42.9,9.5,9.7,18.6
15005,0.0,0.0,8.0,50.0,1.1,25.0
15007,0.6,0.5,31.4,9.1,11.0,29.6
15009,0.7,0.6,28.9,11.0,11.1,30.5
16001,1.1,0.8,2.7,0.2,8.1,85.1
16003,0.2,1.3,0.5,0.1,3.5,92.6
16005,0.8,3.7,1.3,0.3,8.4,84.5
16007,0.3,0.9,0.7,0.0,4.2,93.5
16009,0.3,8.6,0.3,0.1,3.3,84.9
16011,0.3,7.5,0.9,0.2,17.8,74.0
16013,0.2,1.7,1.0,0.1,21.7,75.9
16015,0.4,1.3,0.6,0.7,4.1,91.3
16017,0.2,0.8,0.6,0.1,2.9,93.5
16019,0.6,1.3,1.0,0.2,12.8,83.5
16021,0.5,2.1,0.7,0.1,5.0,90.2
16023,0.4,1.0,0.4,0.2,5.0,91.3
16025,0.3,1.5,0.5,0.1,7.8,86.4
16027,0.6,1.7,1.0,0.3,25.0,70.8
16029,0.1,0.8,0.4,0.2,5.5,92.0
16031,0.2,1.6,0.8,0.2,27.4,69.9
16033,0.6,2.8,1.0,0.2,43.1,53.0
16035,0.6,2.3,0.7,0.2,4.3,90.4
16037,0.3,0.8,0.4,0.1,4.4,92.2
16039,3.0,1.7,3.4,0.4,16.4,73.3
16041,0.3,0.9,0.2,0.1,6.8,91.1
16043,0.3,1.1,0.3,0.1,12.3,85.3
16045,0.2,1.1,1.2,0.2,8.4,87.7
16047,0.2,2.0,0.8,0.3,29.3,67.7
16049,0.5,3.1,0.6,0.1,3.3,91.1
16051,0.2,1.4,0.5,0.1,10.6,86.8
16053,0.3,2.3,0.5,0.2,34.3,63.4
16055,0.4,1.4,1.0,0.1,4.4,90.8
16057,1.0,0.8,2.3,0.2,4.3,89.3
16059,0.3,1.1,0.5,0.0,3.1,93.4
16061,0.5,6.6,0.5,0.3,4.4,85.1
16063,0.4,1.6,0.5,0.2,30.1,67.2
16065,0.6,0.5,1.2,0.3,7.4,88.8
16067,0.3,2.3,0.6,0.0,34.8,62.5
16069,0.5,6.0,0.9,0.1,3.8,87.1
16071,0.3,0.6,0.6,0.1,4.4,93.4
16073,0.3,4.6,0.7,0.2,26.7,67.9
16075,0.3,1.8,1.0,0.1,17.5,78.2
16077,0.4,3.5,0.5,0.2,34.3,61.1
16079,0.3,1.8,0.7,0.2,3.5,91.6
16081,0.2,0.9,0.5,0.2,17.0,81.2
16083,0.6,1.3,1.5,0.2,15.9,79.9
16085,0.2,1.1,0.5,0.1,4.7,92.5
16087,0.2,1.5,1.1,0.2,17.5,78.8
17001,3.8,0.2,0.8,0.0,1.5,92.0
17003,33.1,0.5,0.2,0.2,2.0,62.1
17005,6.4,0.7,0.7,0.0,3.7,87.5
17007,2.2,0.7,1.3,0.1,21.2,73.8
17009,19.0,1.2,0.3,0.0,6.3,73.6
17011,0.7,0.4,0.9,0.0,9.0,88.1
17013,0.4,0.2,0.2,0.0,1.1,97.5
17015,1.0,0.4,0.6,0.0,3.6,93.3
17017,3.7,0.6,0.6,0.1,18.4,76.4
17019,12.7,0.4,10.7,0.1,5.8,68.1
17021,1.6,0.2,0.7,0.0,1.5,95.1
17023,0.5,0.2,0.4,0.0,1.5,96.6
17025,0.4,0.3,0.8,0.0,1.3,96.2
17027,3.5,0.4,0.6,0.1,3.1,91.5
17029,4.0,0.3,1.0,0.1,2.5,90.9
17031,23.4,0.8,7.4,0.1,25.3,42.4
17033,4.8,0.3,0.7,0.0,2.3,91.0
17035,0.4,0.2,0.8,0.0,1.1,96.6
17037,7.3,0.4,2.8,0.1,11.1,77.1
17039,0.8,0.3,0.4,0.0,2.6,94.7
17041,0.5,0.3,0.8,0.0,7.4,90.1
17043,4.9,0.4,11.8,0.1,14.3,67.4
17045,0.5,0.2,0.3,0.0,1.2,96.9
17047,0.6,0.3,0.4,0.0,1.3,96.6
17049,0.4,0.3,0.7,0.0,1.9,96.1
17051,5.0,0.3,0.3,0.0,1.7,91.7
17053,0.9,0.3,0.4,0.0,3.2,94.1
17055,0.5,0.4,0.4,0.0,1.5,96.0
17057,3.7,0.7,0.3,0.0,2.8,92.0
17059,0.8,0.3,0.1,0.0,1.7,95.5
17061,1.2,0.3,0.2,0.0,1.2,96.5
17063,1.4,0.3,0.8,0.0,9.7,86.9
17065,0.7,0.4,0.3,0.0,1.7,96.2
17067,0.5,0.3,0.3,0.1,1.4,96.4
17069,1.9,0.8,0.5,0.1,2.0,93.5
17071,0.2,0.3,0.3,0.1,1.6,96.4
17073,1.7,0.3,0.5,0.0,5.7,90.7
17075,1.0,0.3,0.6,0.0,6.7,90.3
17077,14.4,0.6,3.8,0.1,4.2,74.5
17079,0.2,0.2,0.3,0.0,1.5,97.1
17081,8.7,0.3,1.3,0.0,2.5,85.6
17083,0.7,0.4,0.7,0.0,1.4,95.8
17085,0.6,0.3,0.5,0.1,3.0,94.8
17087,9.4,0.3,0.2,0.0,3.4,85.8
17089,5.3,1.0,4.2,0.1,31.8,57.4
17091,14.9,0.4,1.1,0.0,10.4,71.9
17093,6.8,0.5,3.1,0.1,18.0,70.5
17095,7.5,0.4,1.1,0.0,5.6,83.4
17097,6.9,0.9,7.7,0.1,21.5,62.3
17099,2.6,0.4,0.9,0.0,9.5,85.8
17101,10.0,0.4,0.4,0.0,3.8,84.5
17103,5.2,0.3,0.8,0.0,5.9,86.7
17105,4.5,0.3,0.8,0.0,4.5,88.8
17107,8.1,0.4,0.9,0.0,3.4,86.3
17109,5.4,0.3,2.1,0.0,2.7,88.1
17111,1.4,0.5,2.9,0.1,12.9,81.5
17113,7.5,0.3,5.5,0.1,4.8,79.9
17115,17.1,0.3,1.2,0.0,2.2,76.6
17117,0.9,0.3,0.4,0.0,1.2,96.2
17119,8.4,0.3,1.0,0.1,3.2,85.3
17121,4.1,0.3,0.7,0.0,2.0,91.3
17123,0.6,0.3,0.5,0.1,3.1,94.9
17125,0.5,0.4,0.4,0.0,1.1,96.4
17127,5.6,0.5,0.6,0.0,2.9,88.4
17129,0.9,0.3,0.3,0.0,1.5,95.8
17131,0.6,0.2,0.4,0.0,2.3,95.6
17133,0.3,0.2,0.6,0.0,1.5,96.6
17135,3.5,0.2,0.5,0.0,1.8,93.3
17137,6.1,0.4,0.6,0.0,2.4,89.1
17139,0.4,0.2,0.3,0.0,1.2,97.1
17141,1.0,0.4,0.6,0.1,10.0,87.1
17143,18.1,0.4,4.1,0.1,4.7,70.3
17145,8.4,0.4,0.6,0.1,3.0,86.3
17147,0.5,0.2,0.5,0.0,1.4,96.5
17149,1.8,0.2,0.3,0.1,1.3,95.5
17151,6.6,0.7,0.4,0.0,2.0,88.9
17153,30.8,0.6,0.3,0.1,2.3,63.6
17155,0.7,0.2,0.3,0.0,5.5,92.4
17157,10.6,0.3,0.5,0.1,3.2,84.5
17159,0.6,0.3,0.9,0.0,1.7,95.4
17161,9.8,0.6,2.5,0.0,12.7,72.5
17163,30.1,0.3,1.4,0.1,4.0,62.1
17165,3.9,0.5,0.6,0.1,1.8,91.5
17167,12.6,0.3,2.0,0.0,2.2,80.8
17169,3.4,0.2,0.3,0.0,2.0,93.7
17171,0.4,0.3,0.2,0.0,1.2,97.0
17173,0.3,0.2,0.4,0.0,1.0,97.2
17175,0.6,0.2,0.4,0.0,1.4,96.0
17177,9.7,0.3,0.7,0.0,3.8,83.1
17179,1.2,0.3,0.8,0.0,2.3,94.2
17181,1.1,0.6,0.6,0.0,5.1,91.5
17183,13.3,0.4,0.9,0.0,5.0,78.5
17185,0.7,0.2,1.1,0.0,2.1,94.7
17187,2.4,0.5,2.1,0.2,9.5,84.2
17189,0.8,0.2,0.5,0.0,1.3,96.1
17191,0.5,0.3,0.6,0.0,1.6,96.1
17193,0.5,0.4,0.3,0.0,1.5,96.5
17195,1.5,0.5,0.5,0.0,11.9,84.8
17197,11.4,0.4,5.7,0.0,17.0,64.3
17199,4.5,0.4,1.1,0.0,2.6,89.9
17201,12.5,0.5,2.8,0.1,12.5,69.8
17203,0.6,0.3,0.7,0.0,1.8,95.5
18001,0.4,0.4,0.3,0.0,4.5,93.8
18003,11.6,0.5,4.0,0.1,7.3,74.3
18005,2.1,0.5,6.7,0.1,6.5,83.0
18007,0.7,0.2,0.3,0.0,5.4,92.3
18009,0.6,0.2,0.6,0.0,1.6,95.4
18011,1.7,0.3,2.5,0.0,2.8,91.3
18013,0.5,0.5,0.4,0.0,1.7,95.7
18015,0.6,0.4,0.1,0.0,4.0,94.2
18017,1.5,1.1,1.8,0.2,15.0,80.4
18019,7.4,0.5,1.1,0.1,5.3,83.7
18021,0.6,0.3,0.3,0.0,1.4,96.4
18023,0.6,0.5,0.3,0.0,15.4,82.8
18025,0.4,0.4,0.2,0.1,1.4,96.3
18027,1.6,0.4,0.6,0.1,4.8,92.0
18029,0.6,0.2,0.5,0.1,1.3,96.4
18031,0.4,0.2,1.3,0.0,2.0,95.2
18033,0.4,0.3,0.5,0.1,2.8,95.1
18035,7.0,0.3,1.3,0.1,2.3,87.1
18037,0.5,0.3,0.7,0.1,7.3,90.9
18039,5.8,0.6,1.2,0.1,15.5,75.5
18041,1.5,0.2,0.4,0.0,1.0,95.7
18043,5.3,0.3,1.2,0.0,3.1,88.1
18045,0.4,0.4,0.3,0.1,2.5,95.3
18047,0.3,0.3,0.7,0.0,1.0,97.0
18049,0.7,0.9,0.6,0.0,5.2,92.0
18051,2.1,0.3,0.5,0.0,1.5,94.1
18053,7.1,0.4,0.9,0.0,4.2,85.2
18055,0.3,0.4,0.4,0.0,1.3,96.8
18057,4.0,0.2,6.0,0.1,3.9,84.2
18059,2.5,0.3,0.9,0.0,2.3,92.9
18061,0.5,0.3,0.5,0.0,1.8,95.8
18063,6.4,0.3,2.7,0.1,3.8,85.4
18065,2.6,0.2,0.4,0.0,1.6,94.0
18067,7.1,0.4,1.2,0.0,3.3,85.6
18069,0.7,0.5,0.6,0.0,2.2,95.0
18071,1.0,0.4,2.2,0.2,6.4,89.1
18073,0.7,0.3,0.5,0.0,6.1,91.5
18075,0.5,0.2,0.5,0.0,3.0,94.9
18077,1.9,0.3,0.9,0.0,2.6,93.0
18079,0.8,0.2,0.2,0.0,2.3,95.4
18081,2.0,0.3,2.8,0.1,3.5,90.0
18083,3.1,0.3,0.9,0.0,1.9,92.6
18085,1.0,0.4,1.3,0.1,7.9,88.5
18087,0.4,0.3,0.5,0.0,4.0,94.1
18089,23.8,0.5,1.6,0.1,18.7,54.4
18091,11.1,0.4,0.6,0.0,6.5,79.6
18093,0.4,0.4,0.8,0.0,1.6,95.7
18095,8.3,0.4,0.6,0.1,4.0,85.1
18097,27.8,0.5,3.1,0.1,10.2,56.3
18099,0.6,0.4,0.7,0.1,9.7,87.8
18101,0.4,0.3,0.4,0.0,1.0,96.9
18103,4.8,0.9,0.5,0.0,3.1,89.0
18105,3.4,0.3,6.9,0.1,3.4,83.8
18107,0.9,0.4,0.7,0.0,4.7,92.3
18109,0.5,0.3,0.5,0.0,1.5,96.2
18111,0.7,0.5,0.4,0.1,6.3,91.3
18113,0.5,0.4,0.5,0.1,10.3,87.4
18115,0.7,0.2,0.3,0.0,1.3,96.6
18117,1.2,0.4,0.4,0.0,1.6,95.4
18119,0.4,0.4,0.5,0.0,1.2,96.4
18121,2.4,0.4,0.2,0.0,1.5,94.7
18123,2.5,0.4,0.4,0.0,1.4,94.5
18125,0.6,0.3,0.3,0.0,1.4,96.5
18127,3.6,0.3,1.5,0.0,9.8,83.7
18129,0.9,0.2,0.6,0.0,1.2,95.9
18131,0.8,0.5,0.3,0.0,2.9,94.6
18133,3.6,0.4,1.1,0.0,1.8,92.1
18135,0.6,0.4,0.3,0.0,3.2,94.4
18137,0.4,0.3,0.9,0.0,1.9,95.6
18139,0.9,0.3,0.3,0.0,1.6,95.9
18141,12.9,0.5,2.4,0.1,8.6,73.3
18143,0.4,0.3,0.6,0.1,2.1,95.8
18145,1.1,0.3,0.8,0.1,4.2,92.7
18147,0.7,0.3,0.3,0.0,2.8,95.0
18149,0.4,0.5,0.3,0.0,3.6,94.5
18151,0.7,0.4,0.8,0.0,3.6,93.7
18153,4.5,0.3,0.3,0.0,1.7,92.2
18155,0.6,0.3,0.4,0.0,2.2,95.7
18157,5.0,0.4,8.2,0.1,8.2,76.5
18159,0.5,0.3,0.5,0.0,2.8,95.1
18161,0.7,0.3,0.4,0.0,1.7,95.8
18163,9.4,0.3,1.4,0.1,2.6,84.0
18165,0.3,0.3,0.3,0.1,1.2,96.8
18167,7.0,0.4,2.0,0.0,2.6,85.8
18169,0.7,0.8,0.5,0.0,2.6,94.6
18171,0.3,0.2,0.6,0.1,1.5,96.4
18173,1.5,0.3,2.5,0.0,1.8,92.6
18175,0.5,0.2,0.3,0.0,1.3,96.8
18177,4.9,0.4,0.8,0.1,2.8,88.6
18179,0.6,0.3,0.7,0.0,2.9,94.6
18181,0.5,0.6,0.5,0.0,7.9,89.6
18183,0.4,0.4,0.4,0.0,1.9,95.8
19001,0.4,0.3,0.5,0.0,1.7,96.4
19003,0.2,0.5,0.7,0.0,1.5,96.5
19005,1.6,0.6,0.5,0.3,6.0,91.0
19007,0.6,0.3,0.6,0.1,1.8,95.5
19009,0.3,0.2,0.5,0.0,1.3,96.9
19011,0.5,0.2,0.3,0.0,1.5,96.5
19013,9.0,0.3,2.2,0.3,4.3,82.0
19015,1.2,0.4,0.5,0.0,2.6,94.4
19017,1.0,0.1,1.0,0.0,1.6,95.4
19019,0.5,0.2,0.5,0.0,1.4,96.5
19021,2.9,0.6,8.8,1.5,25.2,60.8
19023,0.3,0.2,0.7,0.0,1.3,96.6
19025,2.0,0.4,0.3,0.0,2.1,94.5
19027,1.0,0.3,0.5,0.0,2.3,95.2
19029,0.3,0.5,0.3,0.4,2.5,95.5
19031,0.5,0.2,0.6,0.1,1.9,95.7
19033,1.5,0.3,1.1,0.1,4.7,90.9
19035,0.8,0.4,0.5,0.2,3.5,93.8
19037,0.6,0.1,0.3,0.0,2.1,96.3
19039,0.9,0.9,0.6,0.1,13.5,83.8
19041,0.7,0.3,0.8,0.0,3.6,93.6
19043,0.7,0.2,0.3,0.1,1.8,96.3
19045,3.0,0.3,0.5,0.0,3.1,91.4
19047,2.9,1.3,2.2,0.3,27.6,66.7
19049,1.9,0.4,4.7,0.1,6.0,86.0
19051,0.1,0.3,0.3,0.0,1.4,97.0
19053,1.9,0.5,0.8,0.2,2.7,92.8
19055,0.7,0.1,0.3,0.0,1.4,96.8
19057,5.6,0.3,0.9,0.0,3.2,87.8
19059,0.4,0.2,0.7,0.0,1.9,96.1
19061,3.1,0.3,1.3,0.4,2.3,91.3
19063,0.8,1.6,0.5,0.1,9.4,87.8
19065,1.2,0.2,1.0,0.1,2.3,94.1
19067,2.2,0.3,1.5,0.1,2.7,92.4
19069,0.5,0.6,0.6,0.2,12.9,85.0
19071,0.5,0.3,0.3,0.1,2.6,95.2
19073,0.4,0.4,0.5,0.1,2.7,94.9
19075,0.4,0.1,0.3,0.1,1.3,97.0
19077,0.4,0.4,0.3,0.1,2.6,95.2
19079,0.8,0.5,2.3,0.0,6.0,89.4
19081,0.6,0.3,0.5,0.1,4.1,93.7
19083,1.4,0.4,0.8,0.1,4.2,92.2
19085,0.4,0.3,0.3,0.0,1.7,96.3
19087,2.3,0.4,2.5,0.1,4.7,88.6
19089,0.5,0.2,0.3,0.1,1.6,96.7
19091,0.5,0.2,0.4,0.0,3.8,94.3
19093,0.4,0.3,0.5,0.0,2.4,95.6
19095,0.6,0.3,0.5,0.0,2.7,95.4
19097,0.7,0.3,0.3,0.6,1.3,95.7
19099,1.9,0.4,0.6,0.1,2.1,94.0
19101,1.9,0.3,12.7,0.0,2.9,80.9
19103,6.5,0.3,6.6,0.0,5.5,79.2
19105,2.4,0.3,0.6,0.0,1.9,94.1
19107,0.6,0.2,0.2,0.0,1.6,96.6
19109,0.9,0.4,0.6,0.0,2.5,94.9
19111,2.9,0.3,0.6,0.0,3.5,91.0
19113,5.0,0.3,2.4,0.1,3.2,86.8
19115,0.9,0.5,3.6,0.1,15.8,78.5
19117,0.3,0.3,0.3,0.0,1.7,96.7
19119,0.2,0.4,0.3,0.1,2.6,95.8
19121,0.5,0.4,0.5,0.0,1.9,95.8
19123,1.6,0.4,1.1,0.0,2.1,93.9
19125,0.8,0.2,1.5,0.0,1.9,94.6
19127,1.9,0.9,3.5,0.2,21.1,71.9
19129,0.6,0.6,0.4,0.1,3.0,94.3
19131,0.7,0.3,0.5,0.0,1.4,96.5
19133,0.4,1.3,0.3,0.1,1.8,95.0
19135,1.1,0.2,0.5,0.0,2.8,94.4
19137,0.5,0.5,0.4,0.0,3.6,94.2
19139,2.1,0.7,1.2,0.1,17.5,77.7
19141,0.7,0.3,1.0,0.0,4.7,92.7
19143,0.4,0.4,0.9,0.1,7.6,89.9
19145,2.5,0.7,1.1,0.0,3.1,91.3
19147,1.2,0.5,0.9,0.1,2.5,94.0
19149,0.7,0.6,0.7,0.2,4.7,92.4
19151,0.9,0.5,0.3,0.2,4.1,92.9
19153,6.6,0.4,4.7,0.1,8.2,78.3
19155,1.5,0.7,0.8,0.1,7.5,88.1
19157,1.5,0.4,1.9,0.1,3.3,91.6
19159,0.6,0.2,0.5,0.1,2.5,95.5
19161,0.3,0.2,0.4,0.1,2.9,95.4
19163,7.2,0.4,2.8,0.1,6.6,80.5
19165,0.5,0.5,0.4,0.1,3.7,94.0
19167,0.5,0.5,1.0,0.1,10.5,87.2
19169,2.7,0.3,8.2,0.0,3.3,83.9
19171,0.6,8.3,0.5,0.2,9.0,81.6
19173,0.4,0.3,0.4,0.1,7.6,90.6
19175,0.9,0.3,0.7,0.0,3.1,94.3
19177,0.3,0.3,0.6,0.0,1.5,96.5
19179,3.4,0.9,1.0,0.3,10.7,83.1
19181,0.8,0.3,0.6,0.3,2.6,94.4
19183,0.9,0.3,0.5,0.1,5.9,91.4
19185,0.4,0.2,0.5,0.0,1.6,96.2
19187,4.4,0.5,1.3,0.0,4.5,87.8
19189,1.3,0.3,1.0,0.0,4.3,92.1
19191,0.7,0.1,1.2,0.0,2.2,95.2
19193,3.2,2.7,2.9,0.2,16.0,74.1
19195,0.8,0.3,0.6,0.0,2.8,94.6
19197,0.7,0.5,0.4,0.2,11.3,86.3
20001,2.1,0.8,0.7,0.0,3.4,90.5
20003,0.5,0.7,0.6,0.0,1.8,95.2
20005,5.0,0.6,0.6,0.0,3.0,88.3
20007,0.8,1.1,0.5,0.0,4.0,92.3
20009,1.4,0.9,0.3,0.1,14.7,81.6
20011,3.0,1.0,1.0,0.0,2.5,90.3
20013,1.3,9.5,0.5,0.1,4.1,83.4
20015,1.9,1.0,1.3,0.1,4.7,89.2
20017,1.2,1.0,0.3,0.0,4.6,91.2
20019,0.8,5.6,0.1,0.1,4.2,85.0
20021,0.8,4.1,0.5,0.4,2.4,88.3
20023,0.3,0.3,1.7,0.0,6.8,90.4
20025,0.2,1.4,1.8,0.1,10.8,83.4
20027,0.5,0.6,0.5,0.1,2.2,94.7
20029,0.8,0.6,1.2,0.0,3.0,93.0
20031,0.8,0.9,1.0,0.0,2.6,93.3
20033,0.3,0.8,0.5,0.1,6.4,90.9
20035,2.8,2.3,1.8,0.4,10.7,79.9
20037,2.3,1.1,1.8,0.3,5.3,87.1
20039,0.6,0.4,0.3,0.0,2.3,95.1
20041,1.0,0.8,0.7,0.1,4.5,91.0
20043,3.4,1.4,0.7,0.0,2.9,89.7
20045,4.3,2.7,4.9,0.1,6.1,78.9
20047,0.4,1.7,0.3,0.0,20.4,76.9
20049,0.1,1.8,0.5,0.1,4.4,90.3
20051,1.0,0.4,1.7,0.1,5.6,90.1
20053,5.3,0.8,0.6,0.0,6.3,86.0
20055,2.5,1.4,4.6,0.1,49.5,42.1
20057,2.4,1.6,1.5,0.3,53.9,40.9
20059,1.2,0.9,0.5,0.0,4.1,91.3
20061,17.3,1.3,3.5,0.8,16.3,56.6
20063,0.4,0.2,0.4,0.0,2.7,95.3
20065,3.4,0.8,0.9,0.0,3.4,89.1
20067,0.4,2.3,0.5,0.0,46.7,51.0
20069,0.6,0.5,0.4,0.0,15.3,82.5
20071,0.2,0.8,0.3,0.0,18.0,80.2
20073,0.5,1.5,0.4,0.0,3.9,92.0
20075,0.5,1.9,0.3,0.2,33.9,63.1
20077,0.5,1.5,0.5,0.2,6.0,90.4
20079,1.7,0.9,0.9,0.0,11.6,83.2
20081,0.4,1.4,1.4,0.1,30.2,66.6
20083,1.1,0.7,0.7,0.0,7.8,88.8
20085,0.7,8.5,0.5,0.0,4.3,84.4
20087,0.6,0.9,0.2,0.0,2.7,93.8
20089,0.3,0.7,0.4,0.0,2.3,95.7
20091,4.7,0.4,4.9,0.0,7.5,80.4
20093,0.7,1.7,0.5,0.1,31.5,64.7
20095,0.3,0.8,0.5,0.0,3.4,93.8
20097,1.0,1.0,1.2,0.0,6.1,89.1
20099,4.1,2.3,0.5,0.1,4.4,85.4
20101,1.0,1.4,0.2,0.1,7.6,88.1
20103,9.1,0.9,1.4,0.2,6.9,79.0
20105,0.6,0.8,0.4,0.0,3.0,94.4
20107,0.8,0.8,0.4,0.0,2.6,93.4
20109,0.7,0.6,1.7,0.0,5.8,89.8
20111,2.2,1.4,2.8,0.1,21.1,71.0
20113,1.0,0.6,1.0,0.1,4.0,91.8
20115,1.0,0.9,0.5,0.1,3.5,92.8
20117,0.4,0.5,0.5,0.1,2.4,94.8
20119,1.0,1.1,0.5,0.0,16.9,79.5
20121,1.2,0.8,0.4,0.1,3.1,92.9
20123,0.2,0.4,0.7,0.1,2.6,95.1
20125,5.3,3.5,0.8,0.1,6.3,79.8
20127,0.6,0.7,0.5,0.0,4.7,91.9
20129,1.0,1.7,1.7,0.2,23.5,71.7
20131,0.6,0.6,0.3,0.1,1.7,95.6
20133,1.2,1.5,0.7,0.0,5.4,90.1
20135,0.7,1.2,0.2,0.0,9.0,88.6
20137,3.1,0.4,0.7,0.0,5.0,89.5
20139,0.6,0.8,0.6,0.0,3.3,93.0
20141,0.3,0.7,1.1,0.0,1.9,95.2
20143,1.1,0.6,0.2,0.0,2.7,94.2
20145,5.2,0.9,0.5,0.1,7.8,84.0
20147,0.4,0.6,0.9,0.0,3.6,93.5
20149,1.3,1.0,1.0,0.1,5.3,89.8
20151,1.3,1.0,0.6,0.0,7.0,88.8
20153,0.5,0.5,0.5,0.0,6.5,90.9
20155,3.1,0.9,0.6,0.0,9.2,84.5
20157,0.5,0.3,0.5,0.1,1.7,95.9
20159,1.4,1.1,0.8,0.1,11.7,83.6
20161,6.4,0.7,5.0,0.2,7.8,77.1
20163,0.7,0.5,0.8,0.1,2.6,94.0
20165,0.4,1.0,0.4,0.0,3.6,93.8
20167,1.1,1.4,0.8,0.0,3.5,92.2
20169,3.3,0.8,2.4,0.1,11.0,80.3
20171,0.6,1.2,0.9,0.1,17.6,79.3
20173,8.8,1.4,4.5,0.1,14.4,68.4
20175,3.9,1.6,3.0,0.2,60.8,30.6
20177,7.9,1.4,1.5,0.1,12.0,74.3
20179,0.4,0.5,0.2,0.1,4.7,93.5
20181,0.8,0.6,0.4,0.1,11.7,85.1
20183,0.3,0.4,0.3,0.1,2.2,94.9
20185,0.3,2.2,0.5,0.0,13.7,83.3
20187,0.8,2.3,0.1,0.2,36.9,59.5
20189,0.6,2.0,0.4,0.1,35.9,61.3
20191,1.1,1.3,0.5,0.0,5.4,89.8
20193,0.8,0.9,0.9,0.1,5.4,91.1
20195,0.6,0.4,0.7,0.1,1.9,95.1
20197,0.7,0.9,0.3,0.0,3.6,92.7
20199,0.4,0.6,0.1,0.0,7.7,90.2
20201,0.6,0.5,0.7,0.0,3.5,94.0
20203,0.9,1.0,0.2,0.0,29.4,68.5
20205,0.6,1.4,0.6,0.1,3.1,91.8
20207,0.4,1.4,0.2,0.0,3.1,93.0
20209,22.6,1.3,4.6,0.3,28.3,41.6
21001,2.9,0.3,0.4,0.1,1.8,93.4
21003,1.0,0.3,0.3,0.0,1.9,95.4
21005,2.0,0.2,0.6,0.0,1.6,94.1
21007,3.3,0.3,0.4,0.0,1.3,92.8
21009,4.0,0.4,0.8,0.1,3.1,90.6
21011,1.3,0.2,0.2,0.1,1.8,95.2
21013,2.4,0.2,0.4,0.1,1.0,94.4
21015,3.2,0.2,2.7,0.1,4.2,88.1
21017,5.8,0.4,0.4,0.0,6.6,85.3
21019,2.7,0.4,0.6,0.0,1.7,93.2
21021,7.7,0.3,1.0,0.0,3.3,85.9
21023,0.5,0.3,0.1,0.0,1.7,96.2
21025,0.5,0.1,0.6,0.1,0.9,96.9
21027,2.0,0.5,0.3,0.0,1.2,94.7
21029,1.1,0.3,0.6,0.1,1.9,94.8
21031,0.4,0.5,0.3,0.0,3.5,94.7
21033,5.7,0.3,0.3,0.0,1.7,90.7
21035,4.0,0.3,2.1,0.1,2.7,89.5
21037,2.9,0.2,1.1,0.0,1.9,92.4
21039,1.3,0.6,0.3,0.0,2.3,94.2
21041,1.6,0.3,0.7,0.0,6.7,89.1
21043,0.6,0.3,0.2,0.0,1.2,96.8
21045,0.6,0.4,0.4,0.1,2.8,95.0
21047,21.1,0.7,1.9,0.4,7.6,65.9
21049,4.7,0.2,0.5,0.0,3.0,90.2
21051,4.0,0.2,0.2,0.1,2.0,92.7
21053,0.5,0.2,0.3,0.4,2.8,95.1
21055,0.9,0.4,0.2,0.1,1.0,96.4
21057,2.8,0.2,0.2,0.0,1.3,93.9
21059,4.8,0.1,1.4,0.1,2.9,88.9
21061,1.8,0.4,0.3,0.0,1.1,95.3
21063,3.5,0.3,0.1,0.1,1.1,94.4
21065,0.4,0.3,0.1,0.0,1.0,97.6
21067,14.7,0.4,4.0,0.1,6.9,71.9
21069,1.4,0.2,0.3,0.0,1.3,95.9
21071,1.0,0.2,0.2,0.0,0.8,97.2
21073,10.7,0.3,2.0,0.0,3.0,81.8
21075,23.8,0.5,0.9,0.0,1.7,71.0
21077,1.2,0.3,0.6,0.1,5.4,90.9
21079,2.0,0.2,0.3,0.1,2.3,94.2
21081,0.9,0.3,0.5,0.2,2.8,94.4
21083,4.3,0.4,0.4,0.1,6.1,87.0
21085,1.2,0.3,0.2,0.0,1.3,95.9
21087,2.2,0.4,0.2,0.0,1.7,94.2
21089,0.8,0.3,0.5,0.0,1.1,96.3
21091,1.2,0.3,0.3,0.0,1.5,95.6
21093,12.1,0.4,2.2,0.3,5.4,76.4
21095,2.1,0.2,0.3,0.1,0.9,95.2
21097,2.0,0.3,0.3,0.1,2.4,93.7
21099,4.6,0.2,0.4,0.1,1.9,91.4
21101,7.8,0.3,0.5,0.1,2.4,87.1
21103,2.8,0.4,0.3,0.1,3.2,91.6
21105,9.3,0.3,0.4,0.0,1.6,87.0
21107,6.6,0.2,0.7,0.1,1.9,88.7
21109,0.3,0.3,0.1,0.0,0.8,98.0
21111,21.4,0.2,2.8,0.1,5.1,68.3
21113,4.0,0.3,1.4,0.0,3.3,89.3
21115,0.4,0.2,0.4,0.0,0.7,97.4
21117,4.8,0.2,1.3,0.2,3.1,88.7
21119,0.9,0.2,0.1,0.0,1.0,97.1
21121,1.3,0.3,0.3,0.1,1.2,95.7
21123,3.0,0.4,0.3,0.1,3.2,91.6
21125,0.7,0.4,0.6,0.0,1.5,95.9
21127,0.3,0.2,0.2,0.0,1.0,96.9
21129,1.0,0.4,0.2,0.0,0.8,96.7
21131,0.3,0.2,0.2,0.0,0.6,97.9
21133,0.6,0.2,0.2,0.0,0.7,97.7
21135,0.4,0.3,0.1,0.0,0.7,97.7
21137,2.3,0.2,0.2,0.0,1.6,94.3
21139,0.4,0.5,0.6,0.1,1.6,95.8
21141,6.3,0.4,0.3,0.0,2.8,88.6
21143,5.0,0.3,0.4,0.0,1.6,91.1
21145,10.7,0.3,0.9,0.0,2.4,83.6
21147,5.5,0.8,0.2,0.1,2.6,89.7
21149,0.8,0.3,0.2,0.0,1.5,96.3
21151,4.5,0.3,1.2,0.1,2.3,89.8
21153,0.2,0.3,0.1,0.0,1.1,97.6
21155,6.9,0.2,0.8,0.0,2.5,88.0
21157,0.3,0.2,0.4,0.0,1.5,96.6
21159,6.7,0.4,0.2,0.0,3.5,88.6
21161,6.1,0.3,0.7,0.0,1.7,89.3
21163,3.2,0.8,0.8,0.2,3.9,89.4
21165,2.6,0.2,0.1,0.0,1.2,94.8
21167,3.4,0.3,0.6,0.1,2.7,91.2
21169,1.7,0.3,0.3,0.0,1.8,95.1
21171,2.0,0.1,0.2,0.0,2.9,93.8
21173,2.7,0.3,0.4,0.1,2.6,92.9
21175,4.3,0.3,0.8,0.0,1.0,92.8
21177,4.9,0.2,0.3,0.0,1.5,92.0
21179,5.1,0.2,0.6,0.1,2.1,90.5
21181,0.7,0.2,0.3,0.0,2.1,96.1
21183,1.0,0.3,0.3,0.0,3.9,93.9
21185,4.4,0.5,1.7,0.1,3.9,88.4
21187,1.1,0.4,0.2,0.0,2.6,94.8
21189,0.6,0.3,0.1,0.0,1.4,96.9
21191,0.6,0.3,0.2,0.0,1.2,96.6
21193,1.5,0.2,0.5,0.0,1.0,95.6
21195,0.8,0.1,0.5,0.0,0.8,97.1
21197,0.9,0.2,0.2,0.0,1.5,96.3
21199,1.1,0.3,0.7,0.0,2.4,94.4
21201,0.4,0.3,0.1,0.0,1.3,97.0
21203,0.3,0.4,0.1,0.0,0.8,97.4
21205,1.8,0.2,0.8,0.0,1.8,94.5
21207,0.8,0.5,0.5,0.0,3.6,93.9
21209,5.4,0.3,1.2,0.0,4.3,87.2
21211,7.1,0.5,1.2,0.2,9.1,80.4
21213,9.4,0.4,1.0,0.1,2.4,84.9
21215,1.6,0.3,0.4,0.1,2.1,94.3
21217,5.1,0.2,0.9,0.1,2.3,89.8
21219,7.9,0.3,0.3,0.1,3.8,86.1
21221,7.2,0.4,0.4,0.1,2.1,88.1
21223,0.5,0.6,0.6,0.1,2.9,94.4
21225,13.4,0.3,0.8,0.1,1.9,81.9
21227,9.1,0.3,3.6,0.3,5.2,79.8
21229,5.8,0.2,0.8,0.0,4.2,87.8
21231,1.6,0.4,0.4,0.1,3.0,93.5
21233,3.8,0.4,0.5,0.4,5.3,88.6
21235,0.8,0.3,0.5,0.0,1.2,96.0
21237,0.3,0.4,0.1,0.0,1.0,97.4
21239,4.9,0.2,0.8,0.2,6.6,86.3
22001,17.8,0.4,0.4,0.0,2.4,77.7
22003,22.3,2.4,0.6,0.0,2.0,71.3
22005,22.8,0.5,1.6,0.1,5.2,69.0
22007,29.6,0.7,0.4,0.1,2.9,65.7
22009,29.4,1.2,0.8,0.0,1.8,65.2
22011,12.4,1.2,0.7,0.1,3.7,80.1
22013,41.6,0.4,0.3,0.0,1.8,54.5
22015,21.7,0.6,1.9,0.1,6.6,67.2
22017,48.8,0.5,1.3,0.1,2.8,45.3
22019,25.2,0.6,1.3,0.1,3.3,68.0
22021,16.4,0.4,0.3,0.0,2.9,79.1
22023,3.8,0.7,0.3,0.0,3.5,90.6
22025,30.5,0.5,0.1,0.0,1.6,66.3
22027,51.1,0.5,0.5,0.0,1.5,45.3
22029,39.8,0.5,0.4,0.0,1.5,56.9
22031,36.4,1.1,0.4,0.0,2.8,58.4
22033,46.1,0.3,3.4,0.0,4.0,45.1
22035,68.1,0.4,0.6,0.0,2.5,27.7
22037,43.5,0.5,0.4,0.0,1.7,52.9
22039,27.5,0.4,0.4,0.0,3.7,66.9
22041,31.7,0.3,0.4,0.1,1.5,65.3
22043,15.3,1.1,0.5,0.0,4.9,76.7
22045,32.0,0.6,3.0,0.1,4.1,58.9
22047,48.2,0.3,0.4,0.0,2.6,47.7
22049,28.8,0.4,0.3,0.0,1.6,67.5
22051,26.4,0.6,4.2,0.1,14.5,53.2
22053,16.5,0.7,0.3,0.0,2.4,78.3
22055,25.9,0.4,1.8,0.1,4.6,66.1
22057,13.4,3.0,1.0,0.1,4.4,76.8
22059,12.0,1.3,0.2,0.0,2.7,83.0
22061,40.7,0.4,1.6,0.1,2.9,53.4
22063,6.2,0.5,0.7,0.0,3.6,88.0
22065,62.5,0.3,0.3,0.0,2.1,34.0
22067,47.5,0.2,0.5,0.1,1.3,49.4
22069,41.1,1.1,0.6,0.1,2.3,53.1
22071,59.0,0.3,3.0,0.1,5.6,30.9
22073,37.2,0.3,1.0,0.0,2.2,58.3
22075,20.0,1.8,4.2,0.2,6.8,65.0
22077,35.3,0.2,0.3,0.0,2.6,60.6
22079,31.8,0.9,1.4,0.0,3.1,61.2
22081,39.3,0.6,0.2,0.0,2.5,56.6
22083,35.8,0.4,0.3,0.0,2.2,60.3
22085,16.8,9.0,0.3,0.1,3.7,67.8
22087,22.0,0.9,2.3,0.1,9.8,63.5
22089,26.0,0.4,1.1,0.1,6.1,65.2
22091,52.3,0.5,0.1,0.1,1.6,44.4
22093,49.0,0.3,0.4,0.0,1.6,48.2
22095,55.7,0.5,0.7,0.5,6.0,35.8
22097,41.2,0.4,0.5,0.0,2.1,54.7
22099,29.9,0.6,1.0,0.0,3.0,64.4
22101,31.6,2.0,1.8,0.1,7.0,56.1
22103,11.8,0.6,1.6,0.0,5.5,79.0
22105,30.0,0.4,0.8,0.1,4.2,63.4
22107,54.1,0.2,0.2,0.0,1.8,42.4
22109,18.9,5.9,1.1,0.1,5.2,66.9
22111,25.4,0.5,0.2,0.1,4.8,68.7
22113,14.3,0.4,2.4,0.0,3.5,78.2
22115,13.8,1.6,2.2,0.5,9.3,70.0
22117,30.3,0.4,0.3,0.0,2.1,65.9
22119,33.9,0.5,0.4,0.0,1.8,62.2
22121,39.1,0.2,0.5,0.0,3.0,56.1
22123,15.2,0.7,0.3,0.0,3.6,79.6
22125,45.1,0.1,0.3,0.0,1.7,52.1
22127,30.6,0.8,0.3,0.0,2.0,64.9
23001,3.8,0.4,0.9,0.0,1.8,91.1
23003,0.9,1.9,0.5,0.0,1.1,94.4
23005,2.9,0.4,2.3,0.0,2.0,90.7
23007,0.6,0.5,0.5,0.0,1.3,95.7
23009,0.8,0.5,1.2,0.0,1.4,94.9
23011,0.6,0.5,1.0,0.0,1.5,94.8
23013,0.6,0.5,0.6,0.0,1.4,95.4
23015,0.5,0.4,1.2,0.0,1.2,95.5
23017,0.5,0.4,0.7,0.0,1.3,95.5
23019,0.9,1.2,1.1,0.0,1.3,94.0
23021,0.5,0.6,0.8,0.1,1.4,95.4
23023,0.7,0.4,0.9,0.0,1.6,94.9
23025,0.5,0.5,0.7,0.1,1.1,95.8
23027,0.5,0.5,0.8,0.0,1.2,95.6
23029,0.6,5.4,0.5,0.0,2.0,89.9
23031,0.8,0.3,1.3,0.0,1.6,94.5
24001,8.0,0.2,1.1,0.1,1.7,87.2
24003,16.5,0.4,4.0,0.1,7.5,69.1
24005,28.1,0.4,6.2,0.1,5.3,58.1
24009,12.7,0.5,1.8,0.1,3.7,78.7
24011,13.6,0.9,1.1,0.3,7.2,76.1
24013,3.4,0.2,1.8,0.1,3.4,89.6
24015,6.6,0.4,1.3,0.1,4.3,85.4
24017,45.3,0.8,3.4,0.1,5.5,41.7
24019,27.9,0.5,1.2,0.0,5.3,63.4
24021,9.0,0.5,4.7,0.1,9.1,74.4
24023,1.0,0.2,0.4,0.0,1.2,96.4
24025,13.3,0.3,3.0,0.1,4.4,76.7
24027,18.4,0.4,18.3,0.1,6.6,53.3
24029,14.7,0.3,1.2,0.1,4.5,77.8
24031,18.1,0.7,15.5,0.1,19.1,44.7
24033,62.5,1.1,4.6,0.2,17.8,13.1
24035,6.4,0.5,1.2,0.1,3.6,86.7
24037,14.0,0.4,2.8,0.1,5.0,74.9
24039,41.7,0.4,0.9,0.1,3.6,51.4
24041,12.4,0.4,1.4,0.2,6.6,78.0
24043,10.9,0.3,1.9,0.1,4.7,79.8
24045,25.7,0.4,3.2,0.1,5.1,63.4
24047,13.1,0.4,1.4,0.0,3.4,80.2
24510,62.4,0.4,2.8,0.1,5.1,27.7
25001,2.8,0.8,1.5,0.1,2.9,90.6
25003,3.0,0.3,1.5,0.0,4.3,89.0
25005,4.1,0.6,2.3,0.1,7.6,84.1
25007,4.0,1.3,0.9,0.1,3.7,87.4
25009,3.2,0.8,3.8,0.1,20.0,71.6
25011,1.2,0.4,1.7,0.1,3.8,91.2
25013,7.7,0.8,2.6,0.2,24.6,63.5
25015,2.7,0.3,5.6,0.1,5.6,84.0
25017,5.1,0.3,11.9,0.1,7.9,73.2
25019,9.5,0.3,1.5,0.0,13.0,74.5
25021,6.7,0.2,11.0,0.0,4.4,76.2
25023,9.9,0.3,1.5,0.1,3.8,82.9
25025,20.7,0.8,8.9,0.2,22.5,45.8
25027,4.5,0.4,4.9,0.1,11.0,77.7
26001,0.4,0.7,0.4,0.0,1.4,96.0
26003,7.2,4.4,0.5,0.1,1.5,83.5
26005,1.2,0.7,0.8,0.0,7.3,88.7
26007,0.4,0.6,0.6,0.1,1.4,95.9
26009,0.2,1.1,0.3,0.1,2.1,95.0
26011,0.4,1.2,0.3,0.1,2.0,94.8
26013,7.6,14.2,0.3,0.0,1.6,72.8
26015,0.5,0.5,0.5,0.0,2.8,94.6
26017,1.5,0.6,0.7,0.0,5.2,90.2
26019,0.6,1.7,0.4,0.0,2.5,93.8
26021,14.8,0.6,2.0,0.1,5.3,75.3
26023,2.1,0.5,0.7,0.0,4.6,90.7
26025,10.8,0.8,2.6,0.1,5.0,78.0
26027,5.2,1.3,0.8,0.0,3.7,86.4
26029,0.5,1.7,0.6,0.1,1.8,93.9
26031,0.6,2.9,0.4,0.0,1.4,92.1
26033,6.7,15.9,1.0,0.1,1.7,70.0
26035,0.6,0.8,0.3,0.0,2.0,94.9
26037,1.7,0.5,1.6,0.0,4.5,90.1
26039,0.7,0.7,0.6,0.0,1.8,95.0
26041,0.3,2.7,0.4,0.0,1.3,93.0
26043,0.5,0.9,0.6,0.0,1.4,95.5
26045,6.7,0.5,2.2,0.0,5.2,83.3
26047,0.8,3.8,0.5,0.1,1.6,91.4
26049,20.2,0.6,1.0,0.0,3.4,72.6
26051,0.4,0.6,0.5,0.0,1.6,95.9
26053,4.4,2.9,0.3,0.1,1.3,89.6
26055,1.1,1.3,0.7,0.1,2.8,92.5
26057,5.4,0.7,0.5,0.0,5.8,86.7
26059,0.6,0.6,0.5,0.0,2.2,95.0
26061,0.9,0.7,3.2,0.0,1.5,92.3
26063,0.5,0.4,0.6,0.0,2.3,95.4
26065,11.5,0.6,6.7,0.1,7.7,70.3
26067,4.7,0.7,0.5,0.0,4.7,88.4
26069,0.6,0.9,0.7,0.1,2.0,94.2
26071,0.3,1.3,0.5,0.0,1.8,94.8
26073,2.7,3.9,2.1,0.0,3.8,85.5
26075,8.0,0.4,0.8,0.0,3.5,84.9
26077,11.2,0.5,2.7,0.1,4.8,77.9
26079,0.5,0.9,0.6,0.0,1.9,94.5
26081,9.6,0.8,3.0,0.1,10.4,74.3
26083,0.2,0.2,0.0,0.0,1.4,97.4
26085,8.7,1.0,0.3,0.0,2.8,84.9
26087,1.1,0.5,0.6,0.0,4.7,92.0
26089,0.5,3.7,0.7,0.0,4.0,90.5
26091,2.7,0.6,0.5,0.0,7.8,86.8
26093,0.5,0.4,0.9,0.1,2.4,94.6
26095,11.2,5.3,0.3,0.1,1.5,78.7
26097,2.5,16.7,0.7,0.0,1.6,73.7
26099,11.5,0.3,3.8,0.0,2.5,79.7
26101,3.5,2.3,0.4,0.1,2.9,89.2
26103,1.7,1.9,0.7,0.0,1.5,92.3
26105,0.8,1.1,0.7,0.0,4.6,91.4
26107,2.8,0.8,0.9,0.0,2.2,91.3
26109,0.5,2.9,0.4,0.0,1.7,93.2
26111,1.4,0.5,2.4,0.1,2.7,91.5
26113,0.4,0.9,0.6,0.0,2.7,94.1
26115,2.3,0.4,0.6,0.0,3.5,91.7
26117,2.2,0.6,0.4,0.0,3.5,92.0
26119,0.4,0.6,0.2,0.0,1.3,96.0
26121,14.1,1.0,0.7,0.0,5.6,76.4
26123,1.1,0.9,0.5,0.0,5.6,90.7
26125,14.0,0.3,7.2,0.0,3.9,72.6
26127,0.6,1.6,0.3,0.1,14.8,82.1
26129,0.3,1.0,0.5,0.0,2.2,94.8
26131,0.2,1.3,0.5,0.0,1.4,95.2
26133,0.8,0.6,0.3,0.1,1.7,94.7
26135,0.3,0.8,0.2,0.1,1.5,95.8
26137,0.5,0.9,0.7,0.0,1.8,94.4
26139,1.5,0.6,2.9,0.0,9.5,84.2
26141,0.6,0.9,0.4,0.0,1.2,96.0
26143,0.6,0.8,0.8,0.0,1.7,94.9
26145,18.5,0.6,1.4,0.1,8.4,69.6
26147,2.5,0.5,0.7,0.0,3.3,91.2
26149,2.6,0.6,0.7,0.0,7.7,86.6
26151,0.5,0.6,0.4,0.0,3.7,94.1
26153,0.3,9.2,0.2,0.0,0.9,86.0
26155,0.6,0.6,0.5,0.1,2.8,94.3
26157,1.2,0.6,0.3,0.0,3.3,93.6
26159,3.6,1.2,0.6,0.0,11.5,81.4
26161,12.3,0.4,9.1,0.1,4.6,70.6
26163,38.7,0.5,3.2,0.0,5.8,49.7
26165,0.5,0.7,0.6,0.1,1.8,94.7
27001,0.5,2.8,0.4,0.0,1.4,93.6
27003,5.8,0.8,4.5,0.1,4.4,82.2
27005,0.5,7.8,0.5,0.0,1.9,86.6
27007,0.7,21.6,0.7,0.0,2.2,72.6
27009,3.3,0.6,1.2,0.0,2.2,91.1
27011,0.4,0.6,0.2,0.0,1.4,96.6
27013,3.7,0.4,2.3,0.1,3.4,88.6
27015,0.4,0.3,0.7,0.0,4.2,93.8
27017,1.5,6.0,0.5,0.0,1.7,88.3
27019,1.7,0.3,3.0,0.0,4.1,89.4
27021,0.3,12.5,0.4,0.0,2.0,83.2
27023,0.7,1.1,0.8,1.2,6.9,88.0
27025,1.3,0.7,1.0,0.0,2.1,93.7
27027,2.6,1.8,1.4,0.1,4.5,88.0
27029,0.6,9.8,0.3,0.0,1.8,84.8
27031,0.7,8.5,0.8,0.1,2.1,86.0
27033,1.0,0.6,3.5,0.3,6.9,87.1
27035,0.7,1.0,0.5,0.0,1.5,95.0
27037,6.0,0.6,4.9,0.1,6.8,79.4
27039,0.5,0.4,0.6,0.0,5.2,92.1
27041,0.5,0.4,0.5,0.0,1.6,96.1
27043,0.5,0.7,0.4,0.0,6.6,91.4
27045,0.5,0.2,0.5,0.0,1.5,96.7
27047,1.2,0.4,1.9,0.1,9.5,86.0
27049,1.2,1.4,0.7,0.1,3.3,92.2
27051,0.6,0.4,0.3,0.1,2.4,95.1
27053,12.7,1.1,7.4,0.1,6.9,69.6
27055,0.7,0.2,0.5,0.0,1.0,96.3
27057,0.4,2.5,0.5,0.1,1.9,93.0
27059,0.8,0.5,1.0,0.1,1.9,94.3
27061,0.4,3.8,0.4,0.1,1.3,92.0
27063,0.7,0.4,1.7,0.0,3.1,93.2
27065,0.4,0.8,0.4,0.0,1.6,95.2
27067,4.5,0.5,0.8,0.1,12.1,81.6
27069,0.4,0.4,0.5,0.0,2.0,96.1
27071,0.6,2.8,0.4,0.0,1.4,93.2
27073,0.5,0.3,0.8,0.2,2.1,95.4
27075,0.3,0.6,0.4,0.0,1.5,95.7
27077,0.4,1.2,1.6,0.0,1.3,93.0
27079,0.6,0.5,0.7,0.0,5.7,91.5
27081,0.2,0.3,0.4,0.1,1.9,96.5
27083,2.8,0.8,4.1,0.1,6.4,84.8
27085,0.6,0.5,0.7,0.1,6.0,91.5
27087,0.4,43.8,0.1,0.0,4.1,45.6
27089,0.4,0.9,0.4,0.0,4.5,93.3
27091,0.5,0.5,0.7,0.0,4.2,93.4
27093,0.6,0.3,0.5,0.1,3.8,94.1
27095,0.6,6.2,0.5,0.0,2.3,89.3
27097,0.6,0.4,0.5,0.1,1.6,95.9
27099,3.5,0.6,3.4,0.3,11.2,80.1
27101,0.4,0.3,1.2,0.5,3.8,93.3
27103,3.1,0.5,1.5,0.0,4.3,89.3
27105,4.6,1.3,7.0,0.2,27.4,59.9
27107,0.5,2.2,0.7,0.2,5.0,89.4
27109,5.7,0.4,6.2,0.1,4.8,81.0
27111,1.3,0.7,0.6,0.1,3.4,92.8
27113,1.4,1.8,1.0,0.0,3.5,90.9
27115,2.0,3.6,0.6,0.0,2.9,89.3
27117,1.2,1.8,1.0,0.0,6.2,88.8
27119,1.9,1.7,1.0,0.0,6.3,87.5
27121,0.4,0.4,0.6,0.0,1.3,96.3
27123,11.5,1.0,14.8,0.1,7.4,62.9
27125,0.6,1.9,0.2,0.1,3.5,92.9
27127,0.5,4.7,2.8,0.0,3.1,87.6
27129,0.4,1.4,0.7,0.0,7.9,88.9
27131,4.4,0.7,2.4,0.1,8.0,83.5
27133,0.9,0.7,0.8,0.0,2.8,94.0
27135,0.5,1.7,2.9,0.0,1.3,92.1
27137,1.5,2.4,1.1,0.1,1.6,91.3
27139,3.9,1.1,6.3,0.1,5.0,82.0
27141,2.4,0.6,1.2,0.1,2.5,91.6
27143,0.6,0.4,0.6,0.0,8.6,89.0
27145,5.3,0.4,2.3,0.1,3.2,87.4
27147,3.1,0.4,1.0,0.1,7.6,86.9
27149,0.9,1.5,1.8,0.1,5.4,88.7
27151,1.1,0.7,0.4,0.5,4.8,91.7
27153,0.5,0.6,0.6,0.3,5.7,91.3
27155,0.5,5.6,0.2,0.1,2.7,89.6
27157,0.7,0.3,0.6,0.0,3.0,94.5
27159,0.9,0.7,0.3,0.0,1.9,94.6
27161,2.1,0.8,0.8,0.0,5.9,89.2
27163,4.3,0.5,5.8,0.1,4.0,83.4
27165,0.6,1.3,1.2,0.1,24.1,73.1
27167,0.6,1.6,0.3,0.0,2.7,93.9
27169,1.7,0.4,2.7,0.0,2.9,91.3
27171,1.2,0.4,1.3,0.0,2.8,92.8
27173,0.4,3.9,0.6,0.1,4.1,90.2
28001,53.1,0.5,0.5,0.0,8.3,36.8
28003,12.2,0.4,0.4,0.0,3.4,82.8
28005,39.8,0.3,0.1,0.0,1.3,57.9
28007,42.4,0.3,0.4,0.0,2.1,54.2
28009,35.5,0.4,0.1,0.0,2.4,60.5
28011,63.6,0.2,0.9,0.1,2.1,32.7
28013,28.0,0.3,0.1,0.0,5.6,64.9
28015,33.0,0.2,0.2,0.0,1.4,64.3
28017,43.8,0.3,0.5,0.0,4.5,50.0
28019,29.4,0.3,0.4,0.0,1.8,67.2
28021,85.2,0.2,0.6,0.0,1.5,11.8
28023,34.2,0.5,0.2,0.0,1.1,63.5
28025,58.3,0.2,0.3,0.0,1.4,39.2
28027,76.0,0.1,0.5,0.1,1.5,21.4
28029,51.3,0.3,0.4,0.0,3.0,44.2
28031,35.4,0.2,0.3,0.0,2.4,60.7
28033,26.6,0.3,1.5,0.1,4.7,65.7
28035,37.3,0.4,1.2,0.1,2.9,57.1
28037,34.5,0.2,0.1,0.0,1.1,63.0
28039,7.8,0.5,0.7,0.0,2.5,87.8
28041,24.6,0.4,0.2,0.0,1.1,73.0
28043,42.4,0.3,0.5,0.0,1.3,54.8
28045,7.9,0.6,1.0,0.1,3.8,84.8
28047,24.6,0.5,2.9,0.1,5.4,64.3
28049,71.8,0.2,0.8,0.0,1.6,24.8
28051,82.2,0.1,0.3,0.0,1.1,15.6
28053,74.4,0.2,0.3,0.1,3.1,21.3
28055,63.3,0.3,0.6,0.2,1.5,34.1
28057,6.9,0.3,0.4,0.0,1.6,90.1
28059,21.4,0.4,2.3,0.1,6.2,68.0
28061,52.6,0.2,0.2,0.1,1.2,45.0
28063,85.1,0.2,0.1,0.0,0.8,13.2
28065,58.9,0.3,0.3,0.0,1.4,38.4
28067,29.1,0.7,0.6,0.0,4.4,64.8
28069,60.6,3.5,0.2,0.0,1.1,33.8
28071,23.6,0.4,2.1,0.1,2.4,70.5
28073,20.4,0.3,1.4,0.1,2.5,74.2
28075,43.1,0.3,0.9,0.1,2.2,52.7
28077,31.9,0.3,0.4,0.0,2.0,64.8
28079,41.4,6.8,0.4,0.0,4.3,47.3
28081,29.2,0.2,0.9,0.0,2.5,66.1
28083,73.4,0.4,0.7,0.0,2.5,22.7
28085,30.4,0.2,0.4,0.0,1.1,67.1
28087,43.9,0.3,0.9,0.1,2.0,52.0
28089,38.2,0.3,2.6,0.1,2.8,55.7
28091,31.7,0.3,0.4,0.1,1.4,65.3
28093,47.6,0.4,0.3,0.1,3.5,47.5
28095,30.7,0.3,0.3,0.0,1.2,66.8
28097,45.3,0.3,0.4,0.0,1.4,52.0
28099,21.1,16.8,0.4,0.0,2.0,58.6
28101,30.2,5.2,0.5,0.0,1.9,61.5
28103,71.2,0.3,0.3,0.0,1.4,26.1
28105,37.1,0.2,3.4,0.1,1.8,56.5
28107,49.8,0.3,0.2,0.0,1.6,47.1
28109,12.5,0.6,0.5,0.1,3.0,81.9
28111,18.9,0.5,0.2,0.0,1.5,77.7
28113,53.0,0.4,0.6,0.0,1.5,43.8
28115,14.8,0.5,0.4,0.1,6.3,77.1
28117,14.3,0.3,0.3,0.0,1.3,82.9
28119,70.3,0.3,0.3,0.0,1.4,26.5
28121,20.4,0.2,1.3,0.1,2.6,74.6
28123,37.8,0.7,0.5,0.5,11.1,49.3
28125,69.8,0.1,0.7,0.0,1.9,26.9
28127,35.2,0.3,0.4,0.1,1.8,61.5
28129,23.1,0.2,0.1,0.0,1.8,74.2
28131,19.7,0.5,0.3,0.0,1.9,76.4
28133,73.0,0.3,0.4,0.0,1.8,24.1
28135,55.7,0.5,0.9,0.1,6.6,35.6
28137,31.1,0.3,0.4,0.1,2.5,64.6
28139,16.3,0.4,0.3,0.0,4.7,77.1
28141,2.5,0.4,0.2,0.0,2.8,93.5
28143,75.7,0.3,1.0,0.1,2.4,19.7
28145,14.9,0.3,1.1,0.1,4.3,78.2
28147,43.5,0.4,0.4,0.1,2.0,52.4
28149,48.6,0.3,0.9,0.0,2.2,47.3
28151,71.9,0.2,0.7,0.1,1.5,25.3
28153,39.6,0.3,0.2,0.0,1.6,57.5
28155,18.8,0.3,0.2,0.0,1.6,78.0
28157,70.1,0.2,0.2,0.0,1.0,27.8
28159,46.2,1.2,0.3,0.0,1.2,50.3
28161,39.0,0.3,0.3,0.0,1.5,57.9
28163,57.2,0.4,0.6,0.0,5.6,35.5
29001,2.5,0.3,2.5,0.1,2.7,90.3
29003,0.6,0.3,0.5,0.0,2.3,95.0
29005,0.4,0.3,0.3,0.1,1.3,96.6
29007,7.0,0.6,0.5,0.1,3.1,87.2
29009,0.4,1.2,1.8,0.1,9.2,86.1
29011,0.6,1.3,0.7,0.1,2.5,92.4
29013,1.1,0.8,0.2,0.0,2.2,94.1
29015,0.5,0.7,0.4,0.1,2.1,94.8
29017,0.4,0.7,0.2,0.0,1.2,96.5
29019,9.3,0.4,4.8,0.1,3.3,79.5
29021,5.6,0.6,1.4,0.3,6.4,83.7
29023,5.6,0.7,0.8,0.0,2.1,88.6
29025,0.6,0.8,0.3,0.0,2.1,94.6
29027,4.6,0.5,0.9,0.1,2.1,90.1
29029,0.7,0.6,0.7,0.1,2.7,94.2
29031,7.6,0.4,1.6,0.1,2.3,86.2
29033,1.8,0.3,0.2,0.1,1.5,94.7
29035,0.3,1.3,0.2,0.0,2.4,94.6
29037,3.8,0.7,0.8,0.1,4.3,88.3
29039,0.3,0.9,0.4,0.0,2.1,95.0
29041,2.4,0.4,0.2,0.0,0.9,95.0
29043,0.7,0.7,0.6,0.1,2.9,93.5
29045,0.4,0.2,0.4,0.0,1.0,97.0
29047,6.2,0.6,2.4,0.3,6.7,81.6
29049,1.3,0.8,0.4,0.0,2.0,93.8
29051,11.9,0.4,1.3,0.1,2.9,81.7
29053,6.8,0.5,0.6,0.1,1.8,88.5
29055,0.5,0.7,0.3,0.1,1.9,95.5
29057,0.3,1.0,0.3,0.0,2.2,93.8
29059,0.3,1.0,0.2,0.1,2.1,94.5
29061,0.6,0.5,0.2,0.0,1.6,95.9
29063,11.7,0.5,0.3,0.1,2.4,84.2
29065,0.5,1.1,0.6,0.1,1.8,94.5
29067,0.4,0.7,0.4,0.0,1.5,95.2
29069,10.1,0.4,0.4,0.0,6.4,81.2
29071,0.9,0.4,0.5,0.1,1.7,95.3
29073,0.5,0.3,0.5,0.0,1.4,96.1
29075,0.5,0.4,0.4,0.0,1.6,95.9
29077,3.1,0.7,2.0,0.1,3.6,88.0
29079,0.9,0.5,1.0,0.0,2.1,94.4
29081,0.4,0.5,0.4,0.1,2.2,95.4
29083,1.2,0.7,0.4,0.1,2.3,93.7
29085,0.5,1.0,0.2,0.1,1.5,95.0
29087,0.2,1.1,0.4,0.0,1.4,96.0
29089,5.1,0.7,0.3,0.1,1.5,90.8
29091,0.5,0.8,0.7,0.0,2.1,94.3
29093,1.4,0.7,0.1,0.0,1.9,94.2
29095,23.4,0.6,1.9,0.3,9.0,62.6
29097,2.0,1.8,1.2,0.6,8.0,84.4
29099,1.0,0.3,0.7,0.0,1.9,94.7
29101,4.7,0.6,1.7,0.3,4.2,85.9
29103,0.6,0.4,0.4,0.0,1.0,96.2
29105,0.7,0.8,0.6,0.1,2.4,93.7
29107,2.2,0.6,0.4,0.2,2.8,92.0
29109,0.4,1.2,0.5,0.1,7.2,89.6
29111,3.1,0.4,0.4,0.1,1.8,92.5
29113,1.9,0.4,0.5,0.1,2.4,93.2
29115,0.8,0.3,0.2,0.0,2.2,95.3
29117,3.4,0.5,0.6,0.0,1.7,92.5
29119,1.8,3.1,1.3,2.0,11.7,77.8
29121,2.3,0.3,0.5,0.1,1.2,94.0
29123,0.4,0.5,1.4,0.0,2.6,94.4
29125,0.7,0.7,0.5,0.0,1.3,95.3
29127,4.9,0.2,0.8,0.1,1.6,90.3
29129,0.3,0.5,0.7,0.0,2.0,95.4
29131,0.5,0.6,0.4,0.2,1.9,95.0
29133,24.7,0.3,0.3,0.0,2.0,71.7
29135,4.0,0.4,0.4,0.0,4.6,89.5
29137,2.7,0.5,0.4,0.0,1.8,92.9
29139,1.6,0.4,0.5,0.0,1.8,94.4
29141,0.8,0.8,0.5,0.0,2.1,94.3
29143,15.8,0.3,0.4,0.1,1.8,80.0
29145,0.9,2.5,1.4,1.0,5.2,86.5
29147,2.8,0.3,1.6,0.0,1.6,92.6
29149,0.3,1.5,0.3,0.1,1.9,93.9
29151,0.4,0.3,0.2,0.1,0.8,97.7
29153,0.2,1.0,0.2,0.0,1.8,95.2
29155,26.4,0.5,0.4,0.1,2.5,68.9
29157,0.5,0.5,0.6,0.1,2.2,95.4
29159,3.0,0.7,0.7,0.3,8.9,85.1
29161,2.3,0.8,3.5,0.1,2.5,88.8
29163,7.7,0.3,0.3,0.0,2.2,88.1
29165,6.5,0.6,2.8,0.5,6.0,81.6
29167,0.9,0.7,0.8,0.0,2.5,93.8
29169,11.5,1.1,3.2,0.8,10.8,69.3
29171,0.2,0.2,0.7,0.1,1.8,95.9
29173,1.3,0.3,0.2,0.1,1.3,95.6
29175,5.7,0.5,0.7,0.0,2.1,88.9
29177,1.2,0.7,0.4,0.1,2.5,93.8
29179,1.0,1.0,0.2,0.0,1.4,94.1
29181,0.6,1.0,0.4,0.0,1.4,95.2
29183,4.7,0.2,2.6,0.1,3.2,87.5
29185,0.6,0.9,0.3,0.0,2.3,94.4
29186,0.8,0.3,0.3,2.3,1.1,94.1
29187,4.5,0.4,0.4,0.1,1.5,92.0
29189,24.2,0.2,4.2,0.0,2.8,66.6
29195,5.0,0.8,0.9,1.1,9.8,80.7
29197,0.2,0.2,0.4,0.0,1.2,97.1
29199,0.1,0.4,0.2,0.0,1.0,97.4
29201,11.6,0.4,0.5,0.0,2.2,83.7
29203,0.4,1.2,0.2,0.1,1.7,94.0
29205,0.9,0.4,0.2,0.0,2.0,95.3
29207,1.1,0.5,0.3,0.0,1.7,95.6
29209,0.4,0.7,0.4,0.0,2.2,95.0
29211,2.7,0.9,0.6,0.4,18.0,77.6
29213,1.3,1.0,0.9,0.1,5.6,89.4
29215,3.6,0.9,0.3,0.1,2.0,91.2
29217,0.8,0.9,0.7,0.1,2.3,93.9
29219,2.3,0.5,0.5,0.0,3.3,91.7
29221,2.3,0.5,0.3,0.0,1.3,94.5
29223,0.6,0.5,0.3,0.0,1.8,95.2
29225,1.1,0.8,0.3,0.0,2.0,94.4
29227,0.9,0.3,0.2,0.0,1.3,96.6
29229,0.6,0.7,0.4,0.1,1.8,95.2
29510,46.7,0.3,3.3,0.0,4.0,43.6
30001,0.3,1.9,0.4,0.4,4.1,91.3
30003,0.4,66.4,0.5,0.0,5.5,27.2
30005,0.2,49.1,0.3,0.0,2.6,46.5
30007,0.3,1.6,0.2,0.2,2.8,93.4
30009,0.5,1.3,0.4,0.0,2.6,94.2
30011,0.1,1.1,0.1,0.0,0.9,96.8
30013,1.4,4.7,1.0,0.1,4.3,85.7
30015,0.2,19.9,0.4,0.1,2.4,76.4
30017,0.4,2.2,0.5,0.1,3.1,92.2
30019,0.2,2.8,0.2,0.0,2.6,92.5
30021,0.5,2.1,0.5,0.1,3.1,92.3
30023,0.5,3.8,0.6,0.1,3.0,90.6
30025,0.2,0.7,0.6,0.2,2.0,95.0
30027,0.2,1.6,0.3,0.0,2.3,94.1
30029,0.3,1.3,0.7,0.1,2.6,93.1
30031,0.4,1.0,1.4,0.1,3.4,92.1
30033,0.3,0.4,0.1,0.0,1.3,96.9
30035,0.2,64.0,0.4,0.0,2.9,31.3
30037,0.0,1.3,0.6,0.0,4.0,91.3
30039,0.7,0.8,0.2,0.0,2.3,94.2
30041,0.5,23.0,0.6,0.1,3.5,70.5
30043,0.3,1.8,0.5,0.0,2.4,93.0
30045,0.1,0.8,0.2,0.0,1.6,96.4
30047,0.4,24.6,0.6,0.1,4.2,65.2
30049,0.5,2.2,0.7,0.1,3.2,91.5
30051,0.3,1.0,0.2,0.0,1.1,96.3
30053,0.3,1.2,0.4,0.1,2.8,93.0
30055,0.5,1.4,0.2,0.1,1.6,94.6
30057,0.4,0.8,0.5,0.0,3.0,93.8
30059,0.2,0.9,0.5,0.0,2.1,95.0
30061,0.5,1.8,0.7,0.0,3.1,91.4
30063,0.5,2.8,1.5,0.1,3.1,89.7
30065,0.6,1.8,0.9,0.0,3.1,92.0
30067,0.3,1.2,0.4,0.0,2.9,93.5
30069,0.0,1.0,0.0,0.0,1.2,96.9
30071,0.1,9.2,0.4,0.0,2.2,84.5
30073,0.4,13.9,0.2,0.0,1.9,81.9
30075,0.2,2.0,0.2,0.0,2.0,93.7
30077,1.2,4.9,0.5,0.0,2.3,89.8
30079,0.2,0.6,1.2,0.0,2.9,90.8
30081,0.3,1.2,0.7,0.1,3.4,93.1
30083,0.6,2.3,0.6,0.0,5.7,88.7
30085,0.3,58.9,0.5,0.0,3.5,35.3
30087,0.2,38.2,0.9,0.0,5.0,55.8
30089,0.2,4.2,0.5,0.0,2.9,90.2
30091,0.5,2.0,0.4,0.0,2.7,92.4
30093,0.7,2.3,0.8,0.1,4.2,90.7
30095,0.2,1.1,0.7,0.1,3.7,93.2
30097,0.3,0.9,0.4,0.0,2.1,94.6
30099,0.2,1.7,0.2,0.0,1.6,94.0
30101,1.0,5.0,0.6,0.0,3.9,87.7
30103,0.3,2.5,0.9,0.3,3.0,91.8
30105,0.4,9.6,0.8,0.1,2.6,84.7
30107,0.4,1.1,0.5,0.0,2.2,92.7
30109,0.0,0.7,0.5,0.1,3.7,94.1
30111,0.6,4.6,0.7,0.1,5.5,86.8
31001,0.8,1.0,1.6,0.1,9.4,86.7
31003,0.3,0.3,0.6,0.0,3.4,94.9
31005,0.0,0.4,0.2,0.0,4.5,93.8
31007,1.3,0.3,0.0,0.0,5.5,92.4
31009,0.2,0.2,0.0,0.0,1.7,96.3
31011,0.5,0.2,0.2,0.0,2.0,96.6
31013,0.7,4.5,0.5,0.1,12.3,81.8
31015,0.1,1.3,0.9,0.1,2.2,95.3
31017,0.3,0.7,0.2,0.0,1.5,96.0
31019,1.1,0.5,1.7,0.1,9.0,87.0
31021,0.5,2.2,0.3,0.1,2.6,93.7
31023,0.5,0.3,0.5,0.0,3.2,94.9
31025,0.6,0.6,0.5,0.1,3.0,94.1
31027,0.1,0.4,0.1,0.0,1.9,96.7
31029,0.2,0.3,0.2,0.0,13.0,85.9
31031,0.3,5.9,0.3,0.0,2.9,88.5
31033,0.5,1.0,1.2,0.1,6.6,89.9
31035,0.4,1.4,0.3,0.3,9.2,88.9
31037,3.1,3.4,1.2,0.5,45.0,50.4
31039,0.2,0.6,0.5,0.1,10.2,88.0
31041,0.5,0.5,0.3,0.0,3.1,94.8
31043,4.1,4.1,3.5,0.4,38.8,49.5
31045,1.7,4.2,1.8,0.4,5.1,85.5
31047,4.7,2.0,1.1,0.2,33.0,60.1
31049,0.1,1.8,0.3,0.0,5.9,91.6
31051,0.4,0.7,0.3,0.1,12.8,85.5
31053,0.8,1.2,0.7,0.4,12.1,84.9
31055,11.0,1.2,3.8,0.1,12.4,70.0
31057,0.4,1.2,0.2,0.3,9.0,88.3
31059,0.5,0.7,0.9,0.0,3.9,93.7
31061,0.2,0.4,0.2,0.0,2.4,95.9
31063,0.1,0.6,0.2,0.0,2.2,96.0
31065,0.4,0.7,0.3,0.1,4.2,93.6
31067,0.6,0.7,0.6,0.0,2.3,94.9
31069,0.3,1.4,0.0,0.2,5.5,91.7
31071,0.3,0.0,0.1,0.0,1.6,97.6
31073,0.7,0.4,0.4,0.0,5.4,91.8
31075,0.2,0.2,0.2,0.0,1.2,97.3
31077,0.9,0.1,0.2,0.0,2.0,96.0
31079,2.6,1.7,1.4,0.5,27.1,67.7
31081,0.3,0.3,0.3,0.0,3.6,94.7
31083,0.3,0.6,0.2,0.0,2.3,96.0
31085,0.3,0.2,0.4,0.1,3.8,94.9
31087,0.2,0.6,0.3,0.0,3.8,94.1
31089,0.3,0.8,0.6,0.1,4.8,93.3
31091,0.0,0.4,0.1,0.0,3.1,95.6
31093,0.4,0.5,0.4,0.1,2.5,95.6
31095,0.4,0.6,0.3,0.0,3.5,94.4
31097,6.0,1.4,1.5,0.0,10.4,80.3
31099,0.3,0.5,0.3,0.0,6.2,92.3
31101,0.6,0.9,0.6,0.0,6.8,90.2
31103,0.0,0.6,0.4,0.0,0.6,98.0
31105,0.3,2.0,1.0,0.2,8.7,86.5
31107,0.3,9.8,0.5,0.1,2.7,86.0
31109,3.8,0.9,4.5,0.1,6.8,81.9
31111,0.8,1.0,0.9,0.1,8.4,88.1
31113,0.4,1.2,0.4,0.0,1.6,95.3
31115,0.5,0.3,0.3,0.0,3.0,95.9
31117,0.4,0.0,0.0,0.0,2.4,95.5
31119,1.3,1.9,1.4,0.1,14.6,80.5
31121,0.4,0.9,1.1,0.1,4.2,92.5
31123,0.2,1.8,0.7,0.1,15.8,81.6
31125,0.4,0.5,0.1,0.0,2.2,96.2
31127,1.1,0.5,0.6,0.0,3.0,93.9
31129,0.1,0.4,0.5,0.0,3.0,95.1
31131,0.8,0.6,0.7,0.1,7.7,89.2
31133,0.6,0.2,0.3,0.0,1.8,95.4
31135,0.4,0.3,0.2,0.0,4.3,94.5
31137,0.4,0.7,0.4,0.0,5.6,92.4
31139,0.3,0.4,0.4,0.0,1.8,96.4
31141,0.6,1.3,1.0,0.2,18.3,79.1
31143,0.2,0.5,0.2,0.1,5.4,93.1
31145,1.0,0.8,0.5,0.0,5.0,91.9
31147,0.3,3.2,0.4,0.0,1.9,92.3
31149,0.1,0.9,0.4,0.0,1.4,96.9
31151,0.8,1.6,3.0,0.6,24.7,70.1
31153,4.0,0.7,2.5,0.1,9.0,81.5
31155,0.6,0.4,0.4,0.0,2.2,95.4
31157,0.8,3.2,0.9,0.1,23.6,72.4
31159,0.5,0.6,0.5,0.0,2.7,94.7
31161,0.4,11.0,0.4,0.2,4.9,81.4
31163,0.2,0.2,0.6,0.0,2.0,96.7
31165,0.2,1.7,0.2,0.0,4.5,92.6
31167,0.8,0.7,0.3,0.0,5.6,91.8
31169,0.4,0.3,0.5,0.0,2.7,94.9
31171,0.1,1.5,0.3,0.0,2.2,95.0
31173,0.5,58.4,0.3,0.0,5.3,36.4
31175,0.3,0.2,0.3,0.0,2.7,95.6
31177,0.7,0.3,0.4,0.1,3.0,94.5
31179,2.0,0.7,0.7,0.2,6.0,89.5
31181,0.4,0.2,0.2,0.4,4.8,92.2
31183,0.1,0.5,0.4,0.0,1.2,96.9
31185,1.6,0.8,0.9,0.1,5.2,90.6
32001,1.9,5.4,3.3,0.4,13.3,73.9
32003,11.1,1.2,10.3,0.8,30.9,43.6
32005,0.7,2.3,1.8,0.3,12.5,81.0
32007,1.1,6.3,1.2,0.3,24.6,66.7
32009,3.2,5.7,0.4,0.1,20.8,66.5
32011,0.6,3.3,0.9,0.1,13.7,80.2
32013,0.9,5.0,1.0,0.3,26.8,65.5
32015,0.8,5.3,1.3,0.1,23.6,69.2
32017,2.8,1.6,0.7,0.3,8.1,84.5
32019,1.0,3.3,1.6,0.3,16.7,75.5
32021,3.7,17.9,4.3,0.2,11.3,62.5
32023,2.9,2.0,1.8,0.5,14.5,76.7
32027,4.0,4.6,1.1,0.4,24.5,65.3
32029,1.6,2.0,2.0,0.4,7.9,84.9
32031,2.2,2.2,5.9,0.7,24.2,63.4
32033,4.8,4.9,1.2,0.1,15.9,71.8
32510,1.8,2.7,2.5,0.3,23.6,67.9
33001,0.6,0.3,1.1,0.0,1.7,95.1
33003,0.4,0.3,0.7,0.0,1.4,96.1
33005,0.6,0.3,1.4,0.0,1.8,94.4
33007,0.9,0.4,0.6,0.0,1.9,95.0
33009,1.0,0.4,3.5,0.0,2.3,91.1
33011,2.1,0.3,4.0,0.1,6.5,85.5
33013,1.3,0.3,2.1,0.0,2.0,93.1
33015,0.7,0.2,2.0,0.1,2.7,93.0
33017,1.1,0.3,3.4,0.0,2.3,91.3
33019,0.6,0.4,1.0,0.0,1.5,95.1
34001,14.6,0.7,8.5,0.1,18.8,56.3
34003,5.5,0.4,16.7,0.1,19.4,57.1
34005,16.6,0.3,5.2,0.1,7.9,67.9
34007,18.6,0.6,5.9,0.1,16.4,57.3
34009,4.3,0.3,1.1,0.1,7.6,85.3
34011,18.8,1.7,1.5,0.1,30.2,46.8
34013,39.0,0.7,5.6,0.1,22.7,31.3
34015,10.1,0.3,3.0,0.1,6.0,78.9
34017,10.9,1.2,15.9,0.2,43.2,28.9
34019,2.3,0.2,4.0,0.3,6.4,85.9
34021,19.7,0.6,11.1,0.2,17.1,50.3
34023,9.4,0.6,24.8,0.1,20.7,43.7
34025,7.0,0.3,5.6,0.1,10.8,75.2
34027,3.2,0.3,10.5,0.0,13.3,71.5
34029,3.0,0.3,2.0,0.0,9.1,84.7
34031,10.5,1.5,5.8,0.2,41.1,41.7
34033,13.4,0.6,1.0,0.0,8.4,75.0
34035,9.2,0.4,17.8,0.1,14.6,56.8
34037,2.0,0.2,2.0,0.0,7.8,86.8
34039,21.1,0.7,5.5,0.1,31.3,40.9
34041,4.3,0.2,3.1,0.1,8.8,82.4
35001,2.4,6.1,2.7,0.1,49.7,39.4
35003,0.7,3.4,0.2,0.0,18.6,75.5
35005,1.5,2.3,1.0,0.2,56.1,39.9
35006,0.9,43.2,0.6,0.1,38.2,19.4
35007,0.7,2.7,0.7,0.3,49.5,46.6
35009,5.4,2.0,1.8,0.3,41.4,48.8
35011,0.4,1.9,0.2,0.0,41.3,55.4
35013,1.4,2.4,1.3,0.2,68.0,27.8
35015,1.2,2.4,0.8,0.1,48.1,47.9
35017,0.8,2.3,1.0,0.2,50.2,46.1
35019,1.6,3.3,1.2,0.0,79.3,15.8
35021,0.3,2.1,0.0,0.0,44.5,54.6
35023,0.9,1.2,0.5,0.2,57.6,39.5
35025,3.6,1.8,0.7,0.1,57.5,36.7
35027,0.6,4.1,0.5,0.2,32.3,62.8
35028,0.8,1.5,6.0,0.1,17.9,72.6
35029,1.0,2.3,0.8,0.2,66.2,30.6
35031,0.5,79.5,1.0,0.1,13.6,8.4
35033,0.3,3.0,0.5,0.1,80.5,17.8
35035,3.4,7.9,1.5,0.3,37.8,49.4
35037,1.5,2.2,1.2,0.2,45.1,50.0
35039,0.4,19.7,0.6,0.2,70.8,12.7
35041,1.8,2.3,1.5,0.2,41.3,52.8
35043,1.9,14.3,1.6,0.2,38.1,44.2
35045,0.6,36.7,0.7,0.1,20.6,41.8
35047,1.6,3.2,1.3,0.2,77.9,17.7
35049,0.8,4.2,1.5,0.2,51.0,43.1
35051,0.6,2.9,0.5,0.1,30.0,65.7
35053,0.9,14.1,1.2,0.1,49.7,35.0
35055,0.5,7.6,1.1,0.1,56.7,35.5
35057,1.4,4.1,0.6,0.3,42.0,52.2
35059,1.9,3.3,0.6,0.0,41.8,53.0
35061,1.0,5.8,0.8,0.2,60.3,33.3
36001,12.6,0.3,6.5,0.1,5.8,72.6
36003,1.3,0.3,1.3,0.0,1.6,94.2
36005,29.6,2.9,4.4,0.4,56.0,9.2
36007,5.2,0.3,4.5,0.1,4.1,83.6
36009,1.4,3.4,0.8,0.0,2.0,90.8
36011,4.0,0.5,0.7,0.1,2.9,90.3
36013,2.1,0.7,0.7,0.1,7.5,87.6
36015,6.1,0.3,1.6,0.0,3.0,86.4
36017,0.8,0.4,0.6,0.0,2.1,94.9
36019,4.0,0.4,1.5,0.0,2.9,89.9
36021,4.6,0.3,1.9,0.1,4.6,86.8
36023,1.6,0.3,1.0,0.0,2.7,92.8
36025,1.6,0.3,1.1,0.0,3.8,92.2
36027,10.2,0.5,3.9,0.1,12.0,71.9
36029,13.1,0.7,3.6,0.0,5.3,75.8
36031,2.6,0.6,0.7,0.0,3.4,91.8
36033,5.5,7.6,0.5,0.0,3.4,82.0
36035,1.8,0.3,0.7,0.0,2.9,93.0
36037,2.8,1.1,0.7,0.0,3.2,90.6
36039,5.8,0.4,1.1,0.0,5.7,85.4
36041,0.9,0.3,0.6,0.1,1.5,95.3
36043,1.1,0.3,0.6,0.0,2.1,94.8
36045,6.0,0.6,1.6,0.3,7.2,82.1
36047,30.4,1.0,12.6,0.1,19.2,36.0
36049,0.8,0.4,0.4,0.1,1.7,95.9
36051,2.6,0.4,1.4,0.0,3.5,90.8
36053,1.7,0.7,0.8,0.0,2.1,93.4
36055,14.6,0.4,3.7,0.1,8.5,70.8
36057,1.9,0.6,0.8,0.2,13.3,82.3
36059,11.5,0.5,9.7,0.1,16.8,60.8
36061,12.5,1.2,12.8,0.2,26.0,46.9
36063,6.9,1.1,1.1,0.0,2.8,85.9
36065,6.0,0.3,4.2,0.1,5.5,82.3
36067,10.9,0.9,3.9,0.0,4.8,77.1
36069,2.2,0.4,1.3,0.0,4.5,90.3
36071,10.0,0.8,2.9,0.1,20.1,65.0
36073,6.1,0.8,0.6,0.0,4.8,86.2
36075,0.9,0.5,0.7,0.0,2.5,94.2
36077,1.9,0.2,1.4,0.1,3.6,91.5
36079,2.5,0.4,2.3,0.1,14.3,79.6
36081,17.9,1.3,26.7,0.2,28.0,25.3
36083,6.6,0.3,2.8,0.0,4.9,83.5
36085,9.7,0.6,8.8,0.1,18.4,61.8
36087,11.5,0.5,6.5,0.1,17.6,63.0
36089,2.3,1.0,1.2,0.1,2.3,92.0
36091,1.6,0.2,2.8,0.0,3.1,90.8
36093,10.2,0.7,4.8,0.2,6.9,74.3
36095,1.4,0.3,0.8,0.0,3.2,93.1
36097,0.9,0.3,0.7,0.0,1.8,95.1
36099,5.0,0.4,0.8,0.0,3.5,88.9
36101,1.5,0.3,1.6,0.0,1.7,93.7
36103,7.2,0.6,4.1,0.1,19.0,68.2
36105,8.1,0.7,1.6,0.1,15.7,72.5
36107,0.8,0.2,0.8,0.0,1.9,95.1
36109,3.9,0.4,10.9,0.1,5.0,77.2
36111,5.8,0.4,2.1,0.0,10.1,79.7
36113,1.1,0.3,0.9,0.0,2.4,94.1
36115,3.0,0.3,0.5,0.0,2.7,92.6
36117,2.8,0.4,0.7,0.0,4.3,90.1
36119,13.7,0.9,6.4,0.1,24.4,54.0
36121,5.5,0.4,0.5,0.0,3.3,89.6
36123,0.9,0.3,0.6,0.0,2.3,95.0
37001,19.3,1.4,1.6,0.1,12.6,64.6
37003,5.6,0.5,1.1,0.0,4.6,86.9
37005,1.5,0.6,0.7,0.0,9.6,87.0
37007,48.4,0.9,1.1,0.1,4.1,44.7
37009,0.7,0.3,0.6,0.0,5.3,92.3
37011,4.1,0.6,0.6,0.1,5.2,88.8
37013,24.4,1.0,0.5,0.1,7.8,65.9
37015,61.2,0.7,0.6,0.1,2.1,34.7
37017,33.6,3.0,0.3,0.0,7.7,54.8
37019,10.4,0.8,0.7,0.1,4.7,81.9
37021,6.2,0.5,1.3,0.2,6.4,83.8
37023,6.1,0.9,3.8,0.7,6.2,82.1
37025,17.0,0.7,3.6,0.1,10.1,67.2
37027,4.7,0.6,0.6,0.1,5.1,87.9
37029,11.9,0.5,2.4,0.1,3.1,80.0
37031,5.6,0.6,1.4,0.2,4.4,86.2
37033,32.3,0.7,0.5,0.0,3.8,61.3
37035,8.5,0.6,4.2,0.1,9.5,76.0
37037,12.1,1.2,1.9,0.1,11.9,72.3
37039,1.4,1.5,0.7,0.1,3.2,91.2
37041,33.5,0.5,1.5,0.2,3.8,59.7
37043,1.1,0.4,0.3,0.0,3.4,93.4
37045,20.6,0.4,1.1,0.0,3.5,73.2
37047,30.4,3.5,0.6,0.1,5.3,59.3
37049,21.2,0.6,2.9,0.2,7.1,65.9
37051,36.9,1.8,2.7,0.4,11.3,43.7
37053,5.7,0.7,0.7,0.1,3.8,87.4
37055,2.5,0.5,0.8,0.0,7.1,87.8
37057,9.3,0.8,1.5,0.1,7.0,80.5
37059,6.1,0.7,0.9,0.0,6.6,84.6
37061,24.6,1.4,0.7,0.4,21.9,51.7
37063,37.1,0.9,5.1,0.1,13.4,42.4
37065,57.6,0.7,0.3,0.2,4.3,36.4
37067,25.7,0.8,2.5,0.1,12.7,57.1
37069,25.6,1.0,0.6,0.1,8.1,63.7
37071,16.2,0.5,1.5,0.1,6.8,73.4
37073,31.9,0.6,0.3,0.1,2.0,63.0
37075,0.4,7.4,0.5,0.1,3.2,87.2
37077,31.5,0.8,0.7,0.1,7.8,58.2
37079,36.2,2.2,0.6,0.3,14.9,47.0
37081,33.7,0.8,4.9,0.1,7.9,51.2
37083,52.9,4.0,0.8,0.1,2.7,38.6
37085,20.7,1.7,1.3,0.2,12.4,61.9
37087,1.1,0.7,0.5,0.0,3.8,92.9
37089,3.2,0.7,1.2,0.2,9.9,83.8
37091,59.9,1.3,1.0,0.1,3.5,33.6
37093,32.9,9.2,1.5,0.4,13.2,40.4
37095,28.8,0.8,0.9,0.0,8.9,59.9
37097,11.7,0.6,2.6,0.1,7.5,76.3
37099,2.2,9.4,1.0,0.0,5.5,81.0
37101,15.4,0.9,0.8,0.1,13.3,68.6
37103,30.1,0.9,0.4,0.0,4.5,62.5
37105,19.4,1.3,1.3,0.2,18.6,58.8
37107,40.7,0.7,0.8,0.2,7.7,49.3
37109,5.4,0.4,0.7,0.0,7.2,85.1
37111,3.7,0.8,1.0,0.1,6.1,87.7
37113,1.4,0.8,0.8,0.0,6.8,89.5
37115,1.5,0.5,0.4,0.1,2.6,93.9
37117,42.2,0.4,0.6,0.2,3.8,52.1
37119,31.3,0.8,5.8,0.1,13.0,47.7
37121,0.4,0.9,0.6,0.2,5.2,92.5
37123,18.2,1.0,1.6,0.0,15.5,63.2
37125,12.3,1.0,1.5,0.2,6.4,77.3
37127,39.8,1.0,1.1,0.0,6.8,50.4
37129,13.7,0.6,1.6,0.1,5.4,77.2
37131,57.5,0.7,0.3,0.0,2.3,38.4
37133,14.8,0.9,2.2,0.3,12.2,66.6
37135,11.7,0.6,8.1,0.1,8.4,69.3
37137,19.0,0.7,0.6,0.2,3.7,74.7
37139,36.1,0.5,1.6,0.1,5.1,54.9
37141,15.5,0.9,0.6,0.1,6.9,74.9
37143,22.9,0.5,0.5,0.0,2.7,72.2
37145,26.6,0.8,0.5,0.0,4.2,66.6
37147,34.6,0.5,2.2,0.1,6.2,55.0
37149,4.3,0.6,0.6,0.0,5.7,87.9
37151,6.0,1.1,1.4,0.1,11.1,79.7
37153,31.1,3.0,1.0,0.1,6.3,57.3
37155,23.7,41.0,0.7,0.2,8.6,25.5
37157,18.5,0.6,0.6,0.1,6.2,72.6
37159,16.0,0.6,1.1,0.1,8.4,72.7
37161,9.6,0.5,0.6,0.1,4.2,83.5
37163,25.8,3.3,0.6,0.3,18.9,51.5
37165,38.7,11.8,0.9,0.1,2.9,43.9
37167,11.2,0.4,2.0,0.3,4.1,81.1
37169,4.1,0.5,0.3,0.0,2.9,91.3
37171,3.6,0.6,0.7,0.1,10.3,84.3
37173,1.1,29.2,0.6,0.0,4.9,62.3
37175,3.7,0.4,0.6,0.0,3.3,90.4
37177,36.5,0.9,2.3,0.0,8.3,50.8
37179,11.7,0.6,2.7,0.1,11.0,72.8
37181,50.5,0.8,0.5,0.1,7.5,40.2
37183,20.2,0.8,6.9,0.1,10.0,60.5
37185,50.8,5.6,0.4,0.0,3.9,38.1
37187,47.6,1.3,0.4,0.0,5.7,45.0
37189,1.7,0.3,1.2,0.0,3.4,92.1
37191,31.3,0.8,1.4,0.1,11.5,53.8
37193,4.2,0.4,0.6,0.1,6.2,87.6
37195,39.8,0.6,1.1,0.2,10.0,47.5
37197,3.1,0.7,0.4,0.1,11.0,84.3
37199,0.9,0.8,0.3,0.3,5.1,92.4
38001,0.7,0.8,1.8,0.0,1.8,93.2
38003,2.2,1.3,1.1,0.1,2.0,92.2
38005,0.4,55.2,0.3,0.0,3.0,40.9
38007,0.0,0.3,4.5,0.0,2.1,92.6
38009,0.8,3.0,0.5,0.0,2.8,90.9
38011,0.3,2.2,0.2,0.0,5.4,92.1
38013,0.5,1.5,0.7,0.0,2.6,93.2
38015,2.0,4.2,0.8,0.1,2.3,89.4
38017,5.1,1.4,3.2,0.1,2.7,86.1
38019,0.4,1.5,0.4,0.1,1.2,95.3
38021,0.8,1.0,0.5,0.0,3.8,92.8
38023,1.3,1.0,0.6,0.1,2.7,92.8
38025,0.9,9.6,1.5,0.0,4.9,81.9
38027,0.5,3.9,0.3,0.0,2.9,91.0
38029,0.5,0.9,0.4,0.0,0.9,96.1
38031,0.5,1.2,0.4,0.0,1.5,95.5
38033,0.5,1.2,0.4,0.4,2.9,93.6
38035,4.0,2.8,2.7,0.1,4.0,84.6
38037,0.2,1.6,0.3,0.0,1.3,94.9
38039,0.4,0.6,0.3,0.0,1.7,96.9
38041,0.6,3.1,0.3,0.2,2.4,91.7
38043,0.4,0.8,0.7,0.0,3.6,94.5
38045,0.3,0.5,0.2,0.0,1.4,96.9
38047,0.3,0.6,0.4,0.0,1.1,96.3
38049,0.4,1.2,0.3,0.0,2.6,94.5
38051,0.3,0.7,1.7,0.0,2.3,94.2
38053,1.3,11.9,1.0,0.0,7.8,77.3
38055,0.2,6.8,0.2,0.0,2.5,89.5
38057,0.5,2.4,0.5,0.1,2.8,92.7
38059,1.1,3.9,0.4,0.1,2.8,90.3
38061,0.8,28.4,0.3,0.0,7.2,62.4
38063,1.1,1.7,0.4,0.0,2.9,92.9
38065,0.5,2.7,0.3,0.0,2.2,93.2
38067,0.5,2.2,0.4,0.0,3.8,91.1
38069,0.6,4.7,0.1,0.0,1.5,92.1
38071,0.7,9.8,0.6,0.1,2.5,84.1
38073,0.6,0.9,0.6,0.0,1.9,94.8
38075,0.5,0.6,0.4,0.0,2.5,94.9
38077,1.0,2.9,0.7,0.1,2.7,91.5
38079,0.4,77.7,0.2,0.0,2.1,18.6
38081,1.1,1.2,1.3,0.1,3.2,92.2
38083,0.0,1.7,0.2,0.1,1.6,94.8
38085,0.4,82.1,0.1,0.0,4.1,13.0
38087,1.0,2.4,0.0,0.0,3.8,92.8
38089,2.8,1.5,1.5,0.0,5.9,87.1
38091,0.3,1.5,0.2,0.0,2.0,95.4
38093,1.3,1.9,0.8,0.1,2.5,92.2
38095,0.2,4.4,0.0,0.0,0.8,92.9
38097,0.7,1.3,0.6,0.0,3.4,92.2
38099,0.6,2.1,0.9,0.0,11.4,84.5
38101,4.4,2.4,1.4,0.2,6.1,83.4
38103,0.5,0.7,0.1,0.0,1.0,96.5
38105,4.3,3.8,1.1,0.1,6.8,81.4
39001,0.5,0.5,0.2,0.0,1.0,96.4
39003,12.3,0.3,0.9,0.0,3.0,81.0
39005,0.8,0.2,0.7,0.1,1.3,95.8
39007,3.5,0.3,0.4,0.0,4.1,89.7
39009,2.7,0.4,3.6,0.0,1.9,89.4
39011,0.5,0.2,0.6,0.1,1.5,96.0
39013,4.1,0.2,0.4,0.0,0.9,93.0
39015,0.9,0.3,0.3,0.0,0.9,96.6
39017,8.1,0.3,3.1,0.1,4.6,81.9
39019,0.6,0.3,0.4,0.0,1.3,96.3
39021,2.2,0.4,0.5,0.0,1.6,93.2
39023,8.7,0.3,0.7,0.1,3.3,84.3
39025,1.5,0.3,1.2,0.0,1.8,93.8
39027,2.2,0.3,0.5,0.1,1.6,93.4
39029,2.3,0.2,0.4,0.0,1.6,94.1
39031,1.2,0.3,0.4,0.0,1.0,95.9
39033,1.0,0.2,0.5,0.0,1.5,95.7
39035,29.7,0.3,3.1,0.0,5.7,59.4
39037,0.6,0.2,0.4,0.0,1.5,96.3
39039,1.6,0.4,0.4,0.0,9.7,86.8
39041,3.4,0.2,6.2,0.0,2.6,85.9
39043,8.5,0.4,0.7,0.1,4.4,83.4
39045,7.6,0.3,1.4,0.0,2.1,86.8
39047,2.1,0.3,0.8,0.0,2.0,92.9
39049,22.3,0.3,5.1,0.1,5.3,64.2
39051,0.5,0.4,0.4,0.0,8.5,89.4
39053,2.4,0.4,0.7,0.0,1.3,93.5
39055,1.2,0.1,0.7,0.0,1.4,95.7
39057,7.0,0.3,3.2,0.1,2.8,84.1
39059,1.5,0.3,0.4,0.0,1.2,94.7
39061,26.1,0.2,2.6,0.1,3.1,65.9
39063,1.6,0.3,1.8,0.0,5.3,89.6
39065,0.9,0.2,0.8,0.1,1.6,95.2
39067,2.2,0.2,0.2,0.0,1.0,95.0
39069,0.6,0.5,0.5,0.0,7.6,90.2
39071,1.4,0.3,0.4,0.0,1.0,95.3
39073,0.7,0.4,0.3,0.0,0.9,96.5
39075,0.4,0.1,0.2,0.0,1.0,97.8
39077,1.1,0.3,0.4,0.0,6.3,90.5
39079,0.7,0.4,0.3,0.0,1.0,96.2
39081,5.4,0.2,0.4,0.0,1.4,90.5
39083,1.0,0.2,0.6,0.0,1.5,95.4
39085,3.9,0.2,1.4,0.0,4.2,89.0
39087,2.1,0.2,0.4,0.0,0.9,94.8
39089,3.8,0.3,1.1,0.0,1.8,90.9
39091,1.7,0.4,0.7,0.0,1.5,93.6
39093,7.8,0.4,1.2,0.1,9.8,78.6
39095,19.3,0.4,1.7,0.1,6.9,69.2
39097,6.0,0.3,1.4,0.0,1.9,88.9
39099,15.0,0.3,0.9,0.0,5.6,76.4
39101,6.4,0.3,0.6,0.1,2.6,88.4
39103,1.3,0.2,1.2,0.0,2.0,94.1
39105,0.9,0.3,0.3,0.0,0.7,96.7
39107,0.4,0.3,0.5,0.4,1.9,95.7
39109,2.2,0.2,1.5,0.0,1.6,92.6
39111,0.6,0.2,0.2,0.0,0.5,97.3
39113,21.0,0.3,2.2,0.1,2.8,71.3
39115,3.0,0.5,0.1,0.0,0.9,92.3
39117,0.6,0.2,0.4,0.0,1.4,96.0
39119,3.8,0.3,0.5,0.0,1.1,91.7
39121,2.7,0.4,0.3,0.0,0.7,95.1
39123,0.9,0.2,0.4,0.0,4.9,92.5
39125,0.9,0.5,0.3,0.0,4.8,92.5
39127,0.4,0.4,0.2,0.0,0.8,96.8
39129,3.8,0.3,0.5,0.0,1.4,92.7
39131,1.0,0.6,0.3,0.2,1.0,95.2
39133,4.4,0.2,2.1,0.0,1.7,89.9
39135,0.6,0.3,0.8,0.0,0.8,96.4
39137,0.3,0.4,0.3,0.0,6.1,92.5
39139,9.4,0.2,0.7,0.0,1.8,85.9
39141,5.8,0.3,0.5,0.0,1.2,89.8
39143,2.9,0.3,0.5,0.0,9.8,84.7
39145,2.5,0.5,0.4,0.0,1.3,93.6
39147,2.3,0.3,0.7,0.0,5.0,90.1
39149,2.1,0.2,1.0,0.1,1.5,93.2
39151,7.7,0.3,0.9,0.0,2.0,86.8
39153,14.7,0.2,3.3,0.0,2.0,77.6
39155,8.4,0.2,0.5,0.0,1.7,87.3
39157,0.8,0.4,0.4,0.3,2.6,94.7
39159,2.6,0.2,3.8,0.0,1.6,90.5
39161,0.9,0.3,0.4,0.0,3.1,94.2
39163,0.5,0.5,0.2,0.0,0.9,96.5
39165,3.5,0.2,5.3,0.1,2.7,86.9
39167,1.2,0.3,0.7,0.0,1.1,95.2
39169,1.6,0.2,1.0,0.0,1.9,93.8
39171,1.1,0.3,0.5,0.0,4.4,92.8
39173,2.6,0.3,1.8,0.0,5.5,88.5
39175,0.3,0.3,0.7,0.0,2.7,95.3
40001,0.5,45.2,0.6,0.0,6.4,40.5
40003,4.3,4.3,0.4,0.1,5.4,83.9
40005,3.9,14.6,0.5,0.0,3.6,71.2
40007,0.7,2.1,0.4,0.0,22.2,73.8
40009,3.8,3.5,0.9,0.0,14.2,76.1
40011,3.3,9.9,0.3,0.1,10.3,73.5
40013,1.7,14.0,0.6,0.1,5.7,71.9
40015,2.8,25.9,0.4,0.1,12.2,57.2
40017,2.8,5.0,3.3,0.1,8.4,77.0
40019,6.6,9.6,1.2,0.1,7.0,70.5
40021,1.3,35.7,0.7,0.1,6.9,48.3
40023,10.7,17.6,0.5,0.0,4.0,61.4
40025,0.5,1.6,0.3,0.0,22.8,72.8
40027,4.9,5.2,4.6,0.1,8.4,72.4
40029,0.7,18.2,0.2,0.0,4.4,69.7
40031,16.7,6.5,2.7,0.7,12.7,56.5
40033,2.2,11.2,0.3,0.2,7.7,75.7
40035,3.1,20.9,0.6,0.1,3.5,63.9
40037,2.2,10.5,0.6,0.1,4.0,76.6
40039,2.9,7.6,1.4,0.1,17.5,69.1
40041,0.4,23.8,1.2,0.1,3.8,63.8
40043,0.5,6.4,1.0,0.0,7.2,82.5
40045,0.7,2.6,0.2,0.0,7.4,87.5
40047,3.0,3.1,1.4,2.8,12.5,74.9
40049,2.3,8.6,0.6,0.1,8.3,76.0
40051,2.3,6.2,0.5,0.1,5.7,81.5
40053,1.4,2.7,0.2,0.0,4.9,88.6
40055,7.9,3.6,0.3,0.1,11.4,74.9
40057,7.7,2.6,1.2,0.0,28.6,57.5
40059,0.2,1.8,0.2,0.3,22.7,74.3
40061,0.6,16.9,0.8,0.1,4.1,71.2
40063,5.7,19.5,0.3,0.1,5.2,63.3
40065,7.0,2.7,1.5,0.4,23.3,63.4
40067,1.1,6.7,0.6,0.0,10.1,78.6
40069,2.1,15.6,0.7,0.1,5.2,69.6
40071,2.0,10.6,0.6,0.3,7.6,75.2
40073,1.3,3.8,0.4,0.1,15.6,76.7
40075,3.9,7.8,0.4,0.1,11.9,74.4
40077,1.3,22.7,0.6,0.0,3.5,65.1
40079,2.2,13.5,0.7,0.2,6.9,71.8
40081,1.8,7.3,0.3,0.1,3.2,82.7
40083,8.5,3.6,0.6,0.0,5.9,77.6
40085,2.0,8.0,0.7,0.0,15.3,71.1
40087,0.8,6.7,0.4,0.1,7.8,79.5
40089,8.2,16.8,0.6,0.8,5.9,62.7
40091,3.1,18.6,0.4,0.1,2.7,68.0
40093,0.7,3.1,0.4,0.1,9.5,85.1
40095,1.5,10.9,0.4,0.1,17.5,65.4
40097,0.6,22.0,0.4,0.1,3.4,65.2
40099,1.6,13.8,0.5,0.1,6.2,72.8
40101,10.7,19.1,0.7,0.1,6.0,56.6
40103,1.6,9.1,0.5,0.1,3.7,81.6
40105,2.2,19.2,0.2,0.0,2.9,67.0
40107,7.8,20.9,0.2,0.1,3.9,61.6
40109,15.3,4.2,3.6,0.1,17.0,56.6
40111,8.2,16.8,0.5,0.0,3.9,62.8
40113,11.2,14.8,0.4,0.0,3.4,63.6
40115,0.9,19.8,0.6,1.0,5.6,65.6
40117,0.9,13.3,0.4,0.1,3.1,76.9
40119,3.7,5.2,4.6,0.1,4.7,77.1
40121,3.3,15.1,0.5,0.1,4.9,69.7
40123,2.3,19.0,0.9,0.0,5.3,66.0
40125,3.0,13.2,0.7,0.1,4.9,72.9
40127,0.9,18.2,0.3,0.0,3.6,72.1
40129,0.7,6.6,0.5,0.1,7.1,84.1
40131,1.1,13.3,1.3,0.1,4.4,72.4
40133,4.5,19.6,0.3,0.1,4.8,64.9
40135,1.8,22.0,0.7,0.1,4.0,62.9
40137,1.9,5.7,0.6,0.0,7.4,80.5
40139,4.6,1.9,3.4,0.5,45.4,44.8
40141,7.5,4.6,0.4,0.2,26.5,59.4
40143,10.4,6.8,3.2,0.1,12.3,62.7
40145,3.4,10.5,1.7,0.1,5.9,72.0
40147,2.4,10.6,2.2,0.1,5.8,73.3
40149,1.1,4.0,0.4,0.0,9.6,83.5
40151,3.2,3.1,1.2,0.1,7.3,83.2
40153,1.9,3.5,0.7,0.1,12.4,80.1
41001,0.6,1.4,0.8,0.1,4.2,90.8
41003,1.1,0.9,6.5,0.3,7.3,81.1
41005,0.9,1.1,4.4,0.3,8.4,82.6
41007,0.6,1.3,1.7,0.3,8.5,85.6
41009,0.5,1.5,1.1,0.2,4.9,88.9
41011,0.5,2.9,1.3,0.3,6.5,85.2
41013,0.4,1.7,0.7,0.1,7.6,88.2
41015,0.4,2.5,0.9,0.1,6.8,86.6
41017,0.5,1.1,1.1,0.1,7.8,87.7
41019,0.4,2.1,1.1,0.2,5.6,88.2
41021,0.3,1.3,0.9,0.5,5.8,89.6
41023,0.2,1.7,0.6,0.1,3.7,91.5
41025,0.6,3.9,0.5,0.0,5.2,87.4
41027,0.4,1.2,1.6,0.2,31.3,64.1
41029,0.7,1.6,1.5,0.4,12.5,81.4
41031,0.9,19.2,0.9,0.3,20.0,59.9
41033,0.5,1.6,1.0,0.2,7.3,87.2
41035,0.8,4.9,1.1,0.2,12.5,78.3
41037,0.6,2.5,1.0,0.1,7.8,85.3
41039,1.0,1.5,3.0,0.3,8.5,82.5
41041,0.6,4.1,1.4,0.2,9.0,82.6
41043,0.5,1.6,1.2,0.2,8.8,85.5
41045,1.3,2.0,1.7,0.2,33.1,61.6
41047,1.0,2.5,2.4,1.0,26.2,66.1
41049,0.7,2.2,0.7,0.3,36.3,59.4
41051,5.4,1.5,7.5,0.7,11.4,70.6
41053,0.9,2.6,2.0,0.4,13.7,78.5
41055,0.2,2.9,0.3,0.1,6.8,88.8
41057,0.4,1.6,1.0,0.3,10.5,84.3
41059,0.9,4.4,1.1,0.2,26.4,66.4
41061,0.6,1.3,1.2,1.2,4.7,89.0
41063,0.3,0.8,0.5,0.1,2.8,93.4
41065,0.5,4.0,1.1,0.8,17.4,75.2
41067,1.9,1.1,10.5,0.5,16.5,66.9
41069,0.2,2.1,0.7,0.1,5.2,88.3
41071,0.9,1.9,1.9,0.2,15.7,77.6
42001,1.6,0.4,0.8,0.0,7.0,89.3
42003,13.2,0.2,3.7,0.0,2.0,79.0
42005,0.9,0.1,0.3,0.0,0.8,97.2
42007,6.2,0.1,0.5,0.0,1.5,89.7
42009,0.6,0.2,0.3,0.0,1.2,96.9
42011,4.2,0.8,1.6,0.2,20.0,72.8
42013,1.7,0.2,0.7,0.0,1.2,94.8
42015,0.5,0.3,0.6,0.0,1.5,96.1
42017,3.9,0.3,4.8,0.1,5.2,84.6
42019,1.2,0.1,1.3,0.0,1.4,95.0
42021,3.4,0.1,0.5,0.1,1.6,93.0
42023,0.4,0.4,0.5,0.1,1.0,96.6
42025,1.6,0.3,0.6,0.1,4.4,92.3
42027,3.5,0.2,6.3,0.1,2.9,85.7
42029,5.8,0.3,5.3,0.1,7.3,80.0
42031,1.2,0.2,0.7,0.0,0.9,96.1
42033,2.4,0.2,0.7,0.0,3.0,93.1
42035,1.6,0.2,0.7,0.1,1.4,95.3
42037,1.8,0.2,1.1,0.0,2.7,93.2
42039,1.8,0.2,0.5,0.0,1.2,95.0
42041,3.7,0.2,4.2,0.0,3.7,86.5
42043,17.3,0.4,4.5,0.1,8.9,66.5
42045,21.1,0.2,5.7,0.0,3.7,67.5
42047,0.5,0.2,0.4,0.0,0.8,97.5
42049,7.2,0.3,1.7,0.0,4.1,84.8
42051,4.6,0.2,0.4,0.3,1.1,92.0
42053,19.6,0.6,0.2,0.0,6.2,73.2
42055,3.3,0.3,1.1,0.1,5.5,88.4
42057,1.1,0.3,0.2,0.0,1.2,96.2
42059,3.3,0.2,0.3,0.0,1.4,93.7
42061,5.4,0.1,0.6,0.0,2.0,90.9
42063,2.5,0.2,1.2,0.0,1.3,94.0
42065,0.5,0.3,0.3,0.0,1.0,97.2
42067,0.6,0.4,0.4,0.0,3.5,94.6
42069,2.6,0.3,2.7,0.1,7.1,86.2
42071,3.5,0.4,2.3,0.1,10.2,82.4
42073,3.9,0.1,0.4,0.0,1.4,92.3
42075,1.9,0.3,1.4,0.1,12.7,82.8
42077,5.6,0.8,3.6,0.2,23.3,65.9
42079,3.7,0.5,1.3,0.1,10.7,83.2
42081,4.5,0.2,0.7,0.1,1.9,90.9
42083,2.7,0.3,0.6,0.0,2.2,93.3
42085,5.8,0.2,0.7,0.0,1.4,90.3
42087,0.7,0.2,0.6,0.0,1.5,96.0
42089,13.0,0.6,2.4,0.1,15.4,67.0
42091,9.1,0.2,7.7,0.1,5.0,76.4
42093,1.6,0.2,3.1,0.0,2.6,91.6
42095,5.1,0.4,2.9,0.1,12.9,77.5
42097,2.3,0.3,0.5,0.0,3.4,92.7
42099,0.8,0.2,0.5,0.1,1.9,95.6
42101,41.3,0.9,7.4,0.2,14.4,34.9
42103,5.4,0.4,1.5,0.0,10.7,81.0
42105,0.4,0.4,0.4,0.0,1.3,96.6
42107,2.7,0.3,0.6,0.0,4.0,91.6
42109,1.0,0.2,0.7,0.0,2.3,94.9
42111,2.8,0.2,0.5,0.0,1.5,94.5
42113,3.4,0.5,0.4,0.0,1.8,93.1
42115,0.5,0.2,0.4,0.1,1.8,96.2
42117,0.7,0.3,0.5,0.0,1.3,96.2
42119,7.1,0.6,1.6,0.1,5.9,83.9
42121,1.1,0.2,0.4,0.0,1.1,96.0
42123,0.5,0.3,0.5,0.1,1.1,96.8
42125,3.1,0.2,1.0,0.0,1.7,92.4
42127,3.3,0.3,0.6,0.0,4.3,90.6
42129,2.4,0.1,0.9,0.0,1.1,94.0
42131,0.8,0.3,0.5,0.0,1.9,95.6
42133,5.5,0.3,1.5,0.1,7.2,84.0
44001,1.0,0.3,2.0,0.0,2.9,92.3
44003,1.6,0.4,2.6,0.1,4.6,89.4
44005,3.8,0.6,1.9,0.1,5.8,85.8
44007,8.4,1.3,4.5,0.3,22.1,62.5
44009,1.2,0.9,2.0,0.0,3.1,91.3
45001,27.7,0.3,0.4,0.0,1.4,68.8
45003,24.7,0.6,1.0,0.1,5.7,66.5
45005,72.8,0.3,0.7,0.0,3.4,22.2
45007,16.0,0.3,1.0,0.0,3.6,77.6
45009,60.1,0.4,0.5,0.1,2.3,35.7
45011,43.9,0.6,0.7,0.0,2.3,51.2
45013,18.0,0.4,1.4,0.1,11.1,67.7
45015,24.1,0.7,2.6,0.1,6.3,64.1
45017,41.1,0.5,0.3,0.1,3.7,53.5
45019,27.3,0.4,1.6,0.1,5.0,64.4
45021,20.5,0.5,0.7,0.1,4.3,72.8
45023,36.7,0.5,0.4,0.0,1.9,58.9
45025,32.6,0.7,0.6,0.1,4.3,60.3
45027,47.5,0.3,0.7,0.0,3.1,47.6
45029,37.5,0.9,0.5,0.1,3.2,56.7
45031,41.1,0.4,0.4,0.0,1.9,55.1
45033,46.5,2.9,0.4,0.0,2.7,46.1
45035,25.2,0.7,1.9,0.2,5.2,64.6
45037,35.4,0.4,0.5,0.1,5.9,56.7
45039,57.5,0.3,0.5,0.0,2.1,38.0
45041,42.3,0.4,1.5,0.0,2.6,52.3
45043,31.5,0.3,0.5,0.1,3.0,63.8
45045,18.0,0.5,2.3,0.1,9.0,68.9
45047,31.7,0.5,1.2,0.1,6.1,59.7
45049,53.1,0.5,0.5,0.1,4.0,41.0
45051,13.0,0.6,1.3,0.2,6.0,77.5
45053,42.3,0.8,0.8,0.1,13.0,42.6
45055,24.4,0.4,0.7,0.1,4.3,68.8
45057,21.5,0.4,1.2,0.1,5.2,70.5
45059,25.2,0.4,0.5,0.1,4.6,68.2
45061,62.8,0.4,0.4,0.0,2.6,33.0
45063,14.8,0.5,2.0,0.1,5.8,75.4
45065,46.6,0.2,0.6,0.1,1.4,50.2
45067,56.1,0.7,0.7,0.0,2.6,39.0
45069,50.6,5.0,0.5,0.0,3.4,39.1
45071,30.4,0.8,0.8,0.3,7.4,60.0
45073,7.5,0.4,0.9,0.0,5.1,84.7
45075,61.7,0.7,1.0,0.0,2.1,33.4
45077,6.6,0.3,1.9,0.0,3.6,86.1
45079,46.8,0.4,2.8,0.1,5.1,43.1
45081,24.9,1.5,0.3,1.0,15.2,58.2
45083,20.6,0.4,2.4,0.1,6.6,68.7
45085,47.2,0.5,1.4,0.1,3.8,45.5
45087,31.4,0.3,0.3,0.1,1.4,65.0
45089,64.6,0.5,0.5,0.0,2.3,31.4
45091,19.1,0.9,2.0,0.1,5.3,71.1
46003,0.8,2.4,0.7,0.0,5.2,89.9
46005,0.9,1.5,8.3,0.2,9.4,79.0
46007,0.4,59.1,0.5,0.1,4.9,33.0
46009,1.2,7.9,0.2,0.0,2.6,87.1
46011,1.5,1.1,2.7,0.1,2.5,91.0
46013,1.6,3.5,2.9,0.2,2.7,87.7
46015,0.4,9.5,0.4,0.1,2.6,84.6
46017,0.8,81.2,0.0,0.0,3.7,15.2
46019,0.5,2.3,0.4,0.1,3.6,91.4
46021,0.4,0.9,0.6,0.0,2.0,95.7
46023,0.4,31.9,0.3,0.0,3.4,63.1
46025,1.9,0.2,0.5,0.0,2.7,93.9
46027,1.7,3.2,2.3,0.1,2.6,88.2
46029,0.7,2.4,1.0,0.0,2.3,92.7
46031,0.3,64.2,0.5,0.0,4.6,30.3
46033,0.6,3.7,0.5,0.0,3.2,90.4
46035,0.7,3.0,0.7,0.1,2.9,91.5
46037,0.4,9.7,0.5,0.0,2.4,85.8
46039,0.8,0.4,0.1,0.0,2.9,94.9
46041,0.4,73.2,0.3,0.0,4.6,20.5
46043,0.5,2.4,0.2,0.0,1.5,94.5
46045,0.4,0.9,0.4,0.0,1.8,95.6
46047,1.2,6.9,0.8,0.1,4.1,84.8
46049,0.4,0.3,0.2,0.0,0.9,97.3
46051,0.6,1.0,0.3,0.0,3.9,93.1
46053,0.3,7.8,0.4,0.1,1.6,87.8
46055,0.6,1.7,0.6,0.1,1.7,92.2
46057,0.4,0.6,0.3,0.0,4.1,94.1
46059,0.1,0.5,0.5,0.1,1.1,96.8
46061,0.5,0.4,0.6,0.1,1.1,96.6
46063,0.8,2.2,0.2,0.0,2.0,93.1
46065,0.8,11.1,0.7,0.0,3.1,82.8
46067,1.1,1.3,0.2,0.0,2.1,94.7
46069,0.4,8.5,0.2,0.0,1.3,88.2
46071,0.8,51.7,0.2,0.0,4.1,40.9
46073,0.1,0.6,0.2,0.2,4.4,93.5
46075,0.6,3.9,0.2,0.9,2.7,88.9
46077,0.5,0.9,0.6,0.0,2.0,94.9
46079,1.0,1.0,1.4,0.0,2.4,93.1
46081,0.9,2.3,1.0,0.1,3.0,91.2
46083,1.3,0.6,1.3,0.1,1.9,93.6
46085,0.6,39.7,0.3,0.0,2.0,55.5
46087,0.4,1.0,0.2,0.1,3.2,94.4
46089,0.3,0.2,0.2,0.0,1.3,97.2
46091,0.7,8.7,0.2,0.0,7.5,83.8
46093,1.8,2.9,1.2,0.1,4.3,87.6
46095,0.4,54.5,0.3,0.0,3.5,38.1
46097,1.1,0.5,0.4,0.0,2.4,94.4
46099,5.1,2.7,2.3,0.1,4.8,83.3
46101,1.7,13.9,1.8,0.0,3.9,76.8
46102,0.3,92.8,0.2,0.0,3.6,4.4
46103,1.2,10.1,1.1,0.1,4.9,80.6
46105,0.6,1.8,0.3,0.1,1.5,94.9
46107,0.3,2.1,0.5,0.0,2.2,93.9
46109,0.6,37.3,0.3,0.0,2.8,57.4
46111,0.3,0.4,0.3,0.0,3.0,94.8
46115,0.5,1.7,0.1,0.0,1.8,95.1
46117,0.8,6.8,0.3,0.0,2.1,87.7
46119,0.4,2.5,0.1,0.0,3.0,92.5
46121,0.4,87.8,0.2,0.0,4.3,8.5
46123,0.3,14.3,0.6,0.0,1.9,81.5
46125,0.4,1.0,0.2,0.1,2.1,95.8
46127,0.9,0.9,1.3,0.1,3.1,92.5
46129,0.5,14.4,2.1,0.0,2.0,78.3
46135,2.0,3.1,0.8,0.0,4.0,89.0
46137,0.5,71.4,0.1,0.0,4.8,23.7
47001,4.0,0.4,1.5,0.1,2.7,89.6
47003,7.4,1.1,1.3,0.2,11.8,77.6
47005,2.4,0.5,0.6,0.0,2.3,92.8
47007,6.7,0.5,0.3,0.0,2.2,89.2
47009,2.9,0.4,0.9,0.1,3.2,91.2
47011,4.6,0.6,1.1,0.1,6.1,86.3
47013,0.4,0.3,0.4,0.1,1.2,96.6
47015,1.5,0.3,0.5,0.1,2.3,94.0
47017,10.1,0.6,0.3,0.0,2.5,84.8
47019,1.4,0.3,0.4,0.0,1.8,94.9
47021,1.7,0.5,0.5,0.1,2.8,93.1
47023,8.9,0.5,0.5,0.0,2.4,86.1
47025,1.1,0.4,0.7,0.0,1.3,95.4
47027,1.5,0.3,0.1,0.1,2.5,94.5
47029,2.0,0.5,0.5,0.1,2.2,93.4
47031,3.5,0.4,1.2,0.1,4.1,88.9
47033,13.5,0.5,0.4,0.0,10.4,74.0
47035,0.6,0.4,0.6,0.1,2.8,94.6
47037,27.5,0.5,3.7,0.1,10.1,56.4
47039,3.0,0.3,0.5,0.1,3.3,91.7
47041,1.5,0.4,0.8,0.0,7.3,89.0
47043,4.1,0.5,0.6,0.1,3.3,89.8
47045,13.9,0.4,0.7,0.0,3.4,80.3
47047,27.5,0.3,0.7,0.0,2.5,68.2
47049,0.3,0.3,0.3,0.0,1.4,96.7
47051,5.1,0.4,0.9,0.1,3.1,88.8
47053,18.1,0.3,0.3,0.0,2.7,77.3
47055,10.2,0.4,0.5,0.0,2.4,84.6
47057,0.7,0.4,0.2,0.1,3.3,94.6
47059,2.1,0.3,0.6,0.1,2.8,93.2
47061,0.6,0.7,0.4,0.0,1.1,96.1
47063,3.8,0.8,0.9,0.2,11.5,81.8
47065,19.4,0.5,2.1,0.2,5.4,71.3
47067,0.4,0.4,0.1,0.0,0.5,97.1
47069,41.4,0.3,0.7,0.0,1.7,54.8
47071,3.3,0.5,0.6,0.0,2.1,92.1
47073,1.4,0.4,0.5,0.0,1.4,95.3
47075,50.0,0.4,0.3,0.0,4.4,44.2
47077,7.7,0.3,0.3,0.0,2.1,87.8
47079,7.6,0.4,0.5,0.0,2.4,87.6
47081,4.1,0.6,0.4,0.0,2.4,91.2
47083,3.0,0.4,0.5,0.1,2.1,92.0
47085,2.6,0.7,0.5,0.0,2.4,92.7
47087,0.4,0.6,0.1,0.0,2.0,95.6
47089,2.0,0.4,0.6,0.0,3.4,92.5
47091,2.3,0.3,0.2,0.1,2.0,94.2
47093,8.7,0.4,2.2,0.1,4.0,82.8
47095,27.9,0.5,0.2,0.0,2.2,67.5
47097,34.6,0.8,0.8,0.0,2.6,60.2
47099,1.6,0.5,0.5,0.0,2.1,93.9
47101,2.0,0.5,0.6,0.1,2.3,93.4
47103,6.9,0.9,0.5,0.2,3.3,86.9
47105,1.3,0.5,0.8,0.2,8.3,88.3
47107,3.7,0.5,0.7,0.0,3.9,89.4
47109,5.9,0.4,0.3,0.0,2.0,90.0
47111,0.8,0.7,1.0,0.0,5.1,91.9
47113,37.3,0.3,1.1,0.0,3.7,56.2
47115,3.8,0.5,0.5,0.0,1.7,91.9
47117,6.6,0.4,0.7,0.1,5.0,85.6
47119,11.5,0.5,0.9,0.1,5.7,79.8
47121,1.4,0.9,0.4,0.1,2.0,94.4
47123,2.0,0.6,0.5,0.1,4.2,91.2
47125,19.0,0.7,2.5,0.5,10.0,64.1
47127,2.3,0.3,0.8,0.0,1.9,93.3
47129,3.5,0.5,0.3,0.0,1.2,93.3
47131,10.5,0.3,0.4,0.1,4.2,83.3
47133,0.6,0.4,0.3,0.0,1.4,96.2
47135,2.1,0.7,0.4,0.0,2.5,92.5
47137,0.2,0.3,0.1,0.1,2.0,96.7
47139,0.6,0.6,0.3,0.1,2.1,95.2
47141,2.1,0.8,1.4,0.1,6.2,88.6
47143,2.1,0.5,0.5,0.1,4.8,90.8
47145,2.6,0.4,0.7,0.0,1.7,93.0
47147,7.3,0.5,0.6,0.1,6.5,84.0
47149,14.5,0.5,3.4,0.1,7.6,72.1
47151,0.2,0.3,0.2,0.0,0.8,97.5
47153,0.6,0.6,0.4,0.1,3.4,93.9
47155,1.0,0.6,1.3,0.0,5.6,90.6
47157,53.6,0.4,2.6,0.1,6.1,36.2
47159,2.2,0.5,0.4,0.0,2.4,93.2
47161,1.7,0.7,1.1,0.0,2.7,92.0
47163,2.2,0.3,0.8,0.0,1.8,93.6
47165,7.1,0.3,1.4,0.1,4.6,85.0
47167,18.3,0.5,0.7,0.2,2.6,76.0
47169,8.7,0.8,0.3,0.0,3.0,85.6
47171,0.4,0.4,0.2,0.0,4.6,93.5
47173,0.3,0.4,0.2,0.1,1.6,96.4
47175,0.8,0.3,0.2,0.0,1.4,96.0
47177,3.1,0.5,0.8,0.1,8.7,85.8
47179,4.2,0.4,1.5,0.1,3.3,89.0
47181,6.4,0.4,0.3,0.0,2.0,90.0
47183,7.8,0.4,1.2,0.0,2.2,87.1
47185,1.8,0.5,0.4,0.1,2.6,93.6
47187,4.3,0.2,4.2,0.1,4.6,85.3
47189,6.7,0.5,1.7,0.1,4.0,85.7
48001,20.8,0.7,0.9,0.1,17.5,59.4
48003,1.4,1.6,0.7,0.0,56.0,40.5
48005,14.9,0.8,1.1,0.1,21.7,61.2
48007,1.5,1.3,2.0,0.1,26.8,67.9
48009,0.8,1.3,0.4,0.0,8.5,88.1
48011,1.0,1.4,0.1,0.0,9.2,87.7
48013,0.7,1.2,0.6,0.1,64.0,33.9
48015,8.7,0.9,0.7,0.0,26.5,62.8
48017,1.1,3.2,0.7,0.1,64.1,33.4
48019,0.8,1.1,0.7,0.0,18.2,78.4
48021,7.0,1.9,1.0,0.2,36.8,53.6
48023,2.6,0.6,0.3,0.1,12.7,82.4
48025,8.0,0.8,0.7,0.1,58.9,31.6
48027,21.6,1.1,3.2,0.8,24.3,46.5
48029,7.3,1.2,3.1,0.2,59.9,28.2
48031,1.0,1.3,0.9,0.1,19.2,77.2
48033,0.6,0.9,0.2,0.0,20.2,76.8
48035,1.8,0.9,0.6,0.0,17.6,78.6
48037,24.5,1.0,1.2,0.1,7.6,64.0
48039,13.1,0.8,6.6,0.1,30.0,48.5
48041,10.5,0.7,6.3,0.1,25.1,56.4
48043,1.0,1.8,1.3,0.1,44.7,51.0
48045,3.3,0.7,0.1,0.0,26.3,68.3
48047,0.6,0.7,1.5,0.0,90.4,7.3
48049,3.4,0.8,0.7,0.1,21.8,72.3
48051,12.5,1.1,0.3,0.0,20.8,64.7
48053,1.8,1.2,0.7,0.1,22.1,73.8
48055,6.0,1.6,1.0,0.1,50.9,40.9
48057,2.4,0.8,5.2,0.1,48.4,42.9
48059,1.4,0.8,0.7,0.1,9.5,86.3
48061,0.4,0.6,0.8,0.1,89.4,9.3
48063,16.2,1.0,0.9,0.2,25.1,55.6
48065,0.8,1.5,0.5,0.0,10.1,85.8
48067,16.7,0.7,0.5,0.0,4.5,76.5
48069,2.0,1.7,0.6,0.0,64.1,32.6
48071,8.1,1.1,1.3,0.1,22.2,66.9
48073,14.1,1.6,0.6,0.1,22.8,60.8
48075,10.1,0.8,0.8,0.0,29.0,58.4
48077,0.6,1.4,0.3,0.0,5.9,90.3
48079,3.7,2.7,0.3,0.2,57.7,36.9
48081,0.7,2.3,0.2,0.0,21.8,74.9
48083,2.6,1.4,1.0,0.0,17.7,76.9
48085,9.5,0.7,14.2,0.1,15.1,58.5
48087,5.0,2.9,0.5,0.0,34.0,57.9
48089,12.4,1.1,0.9,0.1,28.9,56.8
48091,2.0,0.8,1.1,0.1,26.9,68.5
48093,0.5,1.3,0.4,0.0,27.7,70.0
48095,1.7,0.7,0.6,0.1,55.9,40.6
48097,3.1,1.4,1.1,0.0,17.7,75.8
48099,16.0,1.2,2.1,0.9,18.0,59.1
48101,10.1,0.9,0.1,0.1,24.5,63.8
48103,2.7,1.6,0.8,0.2,63.2,32.4
48105,0.5,2.0,0.7,0.1,65.8,31.9
48107,3.4,1.1,0.2,0.1,55.3,40.2
48109,1.1,2.6,1.8,0.0,72.8,21.7
48111,1.6,2.2,1.1,0.2,44.5,50.7
48113,22.6,1.1,6.3,0.1,39.9,29.8
48115,5.3,1.2,0.9,0.2,57.2,35.9
48117,1.1,1.7,0.6,0.1,72.0,25.5
48119,6.2,2.3,0.7,0.1,6.9,81.8
48121,9.5,0.8,8.6,0.1,19.2,60.3
48123,8.5,0.9,0.4,0.0,34.6,55.5
48125,4.8,2.1,1.2,0.1,30.6,62.0
48127,1.1,0.8,0.7,0.0,86.6,11.3
48129,5.3,0.8,0.5,0.1,10.7,81.3
48131,0.9,0.8,0.4,0.1,89.4,9.0
48133,2.0,1.2,0.6,0.1,16.1,79.5
48135,4.3,1.4,1.2,0.2,59.7,33.5
48137,0.5,2.1,0.8,0.0,55.0,43.0
48139,9.8,0.9,0.8,0.1,25.9,61.9
48141,3.1,1.0,1.3,0.2,82.2,12.3
48143,1.6,1.3,0.8,0.1,20.8,75.2
48145,23.7,1.0,0.6,0.2,23.1,51.1
48147,6.6,1.3,0.6,0.1,10.9,79.2
48149,6.2,1.2,0.5,0.1,20.8,71.4
48151,3.4,1.1,0.5,0.1,28.4,66.3
48153,3.3,1.3,0.4,0.0,58.7,36.9
48155,5.3,0.7,1.0,0.0,17.8,74.7
48157,20.2,0.6,19.9,0.1,24.2,34.1
48159,3.7,1.1,0.9,0.0,14.5,79.0
48161,15.8,1.4,0.6,0.0,15.0,67.3
48163,3.2,1.0,2.4,0.0,78.8,15.0
48165,1.7,1.1,0.5,0.1,41.2,55.6
48167,12.9,0.8,3.5,0.1,24.1,57.8
48169,6.5,0.8,0.5,0.1,50.8,41.3
48171,0.3,1.2,0.5,0.1,22.6,75.5
48173,1.6,0.3,0.1,0.2,37.1,60.5
48175,4.2,1.0,0.5,0.0,35.8,58.3
48177,6.1,1.8,0.6,0.1,50.6,41.6
48179,4.9,1.6,0.6,0.0,28.9,63.4
48181,5.8,1.8,1.4,0.1,13.0,76.2
48183,20.2,1.0,1.4,0.1,18.6,57.8
48185,15.6,1.0,0.4,0.1,23.6,58.8
48187,7.3,1.0,1.8,0.2,37.6,51.2
48189,5.0,1.7,0.6,0.1,59.0,34.3
48191,7.4,1.4,0.4,0.1,34.9,56.2
48193,0.8,1.9,0.8,0.1,12.6,84.6
48195,0.7,1.6,0.4,0.0,46.5,51.6
48197,5.0,1.2,0.6,0.0,23.6,68.6
48199,5.4,0.6,0.7,0.0,5.5,86.9
48201,18.6,1.1,7.2,0.1,42.4,30.4
48203,20.8,1.2,0.7,0.1,13.0,63.8
48205,6.0,0.9,0.8,0.0,26.1,65.6
48207,3.9,1.4,0.8,0.0,28.9,64.4
48209,3.6,1.2,1.6,0.2,38.1,54.9
48211,0.2,2.0,0.9,0.1,33.0,64.3
48213,6.4,0.9,0.7,0.1,12.2,78.8
48215,0.4,0.5,1.1,0.0,91.8,6.6
48217,6.2,0.9,0.5,0.1,20.3,71.2
48219,3.7,1.4,0.5,0.1,47.1,47.4
48221,0.7,0.9,0.7,0.1,12.4,84.5
48223,7.1,1.0,0.8,0.1,16.5,73.7
48225,24.9,0.7,0.7,0.0,10.7,62.3
48227,6.1,1.7,1.2,0.1,41.7,49.3
48229,1.7,1.9,1.1,0.1,77.6,18.9
48231,7.9,1.2,1.6,0.2,15.7,72.4
48233,2.4,2.2,0.7,0.1,22.9,70.6
48235,1.0,1.3,0.3,0.0,26.6,70.0
48237,4.0,1.0,0.6,0.1,16.3,77.6
48239,6.1,0.8,1.0,0.0,32.8,58.8
48241,16.1,0.7,0.7,0.1,6.9,74.3
48243,0.5,1.3,1.0,0.0,34.5,61.7
48245,33.4,1.0,3.9,0.1,19.9,41.3
48247,0.5,0.6,0.6,0.0,92.4,5.9
48249,0.5,1.1,0.5,0.1,80.4,18.1
48251,3.0,1.0,0.9,0.5,20.6,73.2
48253,12.1,1.4,0.8,0.0,27.6,58.4
48255,8.5,1.0,0.5,0.0,53.3,37.1
48257,10.6,1.0,1.2,0.1,20.5,65.8
48259,0.9,0.7,1.1,0.1,23.3,73.1
48261,2.2,1.5,0.7,0.0,73.3,22.0
48263,0.9,1.6,0.0,0.1,17.8,78.8
48265,1.5,1.2,1.0,0.1,26.6,69.4
48267,0.5,1.3,0.6,0.1,23.7,74.1
48269,0.0,1.7,0.0,0.0,16.6,80.6
48271,1.2,1.4,0.4,0.2,58.3,38.3
48273,3.5,0.9,2.3,0.2,72.5,20.9
48275,5.1,1.3,0.3,0.1,33.3,59.4
48277,13.0,1.7,0.8,0.0,7.7,74.7
48279,4.0,1.7,0.3,0.1,54.7,39.9
48281,3.6,1.3,1.4,0.3,19.2,72.6
48283,0.6,0.7,0.4,0.0,86.0,12.4
48285,6.0,0.6,0.4,0.1,18.5,73.9
48287,10.7,1.1,0.5,0.2,23.6,63.4
48289,7.1,0.9,0.8,0.0,14.2,76.1
48291,9.9,1.1,0.6,0.1,22.7,65.2
48293,17.1,1.2,0.7,0.1,21.9,58.6
48295,0.9,2.2,0.6,0.2,33.8,61.8
48297,4.4,1.3,0.7,0.1,39.1,54.4
48299,0.9,1.0,0.6,0.0,10.5,86.3
48301,2.7,1.8,0.0,0.0,18.6,77.0
48303,7.0,1.1,2.4,0.1,35.0,54.2
48305,2.2,1.9,0.4,0.0,47.2,49.2
48307,1.8,1.2,0.7,0.0,31.4,64.8
48309,14.2,1.1,1.7,0.1,25.8,56.6
48311,2.1,1.4,0.7,0.0,39.7,56.1
48313,19.5,1.2,0.8,0.1,22.8,55.3
48315,21.6,1.2,0.8,0.0,3.9,70.6
48317,1.8,1.4,0.4,0.1,46.1,50.5
48319,0.5,0.8,0.3,0.3,25.2,73.0
48321,10.5,1.3,2.1,0.1,42.1,44.2
48323,0.3,1.7,0.5,0.0,95.3,2.8
48325,2.3,1.0,0.9,0.2,51.4,44.3
48327,1.5,1.5,0.2,0.0,36.0,61.6
48329,5.9,1.2,2.0,0.1,44.4,46.2
48331,8.9,1.3,0.8,0.0,26.3,62.5
48333,0.7,1.0,0.3,0.0,18.6,79.2
48335,10.1,1.8,0.7,0.1,39.8,48.0
48337,0.5,1.5,0.4,0.0,11.1,85.7
48339,4.7,1.0,2.9,0.1,23.4,67.3
48341,3.1,1.6,8.3,0.2,54.4,32.9
48343,22.3,1.1,0.6,0.1,9.3,64.9
48345,2.2,1.8,0.2,0.0,16.0,80.3
48347,17.7,0.9,1.7,0.1,19.3,59.6
48349,12.9,1.2,0.9,1.1,26.5,57.1
48351,19.9,0.9,0.8,0.0,3.5,73.3
48353,4.5,1.2,0.8,0.1,36.8,56.3
48355,3.5,0.8,2.2,0.1,63.4,29.9
48357,0.5,1.6,0.7,0.1,53.1,44.1
48359,3.2,1.0,1.3,0.0,15.6,78.1
48361,8.5,0.7,1.1,0.1,7.2,81.3
48363,2.2,1.1,0.8,0.1,19.9,75.3
48365,15.6,0.7,0.6,0.1,8.8,73.3
48367,1.3,0.9,0.6,0.1,11.8,84.2
48369,1.2,1.7,0.7,0.3,62.7,34.9
48371,3.7,1.3,1.0,0.1,68.5,25.9
48373,10.3,2.2,0.8,0.1,14.7,71.2
48375,9.7,1.4,5.7,0.1,37.9,44.8
48377,0.8,1.5,2.4,0.0,83.8,12.2
48379,2.4,1.1,0.9,0.1,8.8,85.7
48381,2.9,0.9,1.7,0.1,21.0,72.4
48383,2.3,1.4,0.8,0.0,67.7,27.9
48385,0.9,1.7,0.2,0.4,27.5,68.7
48387,16.6,1.6,0.5,0.0,7.5,73.1
48389,4.6,0.9,1.4,0.1,75.1,18.2
48391,5.9,1.0,1.0,0.0,50.0,41.8
48393,0.0,0.8,0.3,0.0,11.2,85.7
48395,19.4,1.0,0.7,0.1,20.5,57.9
48397,6.0,0.8,2.9,0.1,17.1,72.1
48399,1.8,1.6,1.0,0.1,33.6,62.6
48401,16.8,1.0,0.5,0.1,16.7,64.2
48403,6.9,0.9,0.4,0.1,4.5,85.9
48405,22.5,0.7,0.4,0.0,6.8,68.8
48407,9.6,1.0,0.5,0.1,13.0,74.6
48409,1.5,1.0,1.2,0.1,57.1,39.0
48411,3.4,1.3,0.5,0.0,29.6,65.1
48413,1.5,0.8,0.3,0.0,52.0,45.5
48415,4.5,1.4,0.9,0.0,40.1,53.4
48417,0.9,0.6,0.4,0.1,11.9,85.2
48419,17.2,1.0,1.7,0.1,18.3,61.5
48421,1.3,1.1,0.7,0.0,44.6,52.9
48423,17.3,0.8,1.6,0.1,19.2,60.1
48425,1.0,1.5,1.1,0.0,19.2,76.8
48427,0.1,0.3,0.2,0.0,96.3,3.4
48429,2.9,1.3,0.7,0.1,24.3,70.6
48431,1.7,1.9,0.4,0.1,38.6,57.1
48433,3.0,1.2,1.3,0.0,17.7,76.4
48435,0.6,1.1,0.7,0.1,61.2,37.5
48437,7.3,1.5,0.5,0.1,44.1,46.7
48439,16.0,0.9,5.5,0.2,28.4,47.9
48441,7.1,1.0,2.2,0.1,24.0,64.2
48443,1.2,3.6,0.5,0.0,51.6,43.7
48445,4.2,1.2,0.6,0.0,54.9,39.5
48447,1.0,1.0,0.5,0.0,13.2,83.8
48449,9.2,2.4,1.0,0.2,42.4,46.0
48451,3.7,1.1,1.3,0.1,39.3,54.0
48453,8.0,1.3,6.8,0.1,33.8,49.4
48455,9.3,0.8,0.4,0.0,9.6,78.8
48457,10.8,0.8,0.6,0.0,7.4,79.4
48459,8.1,1.1,0.5,0.0,8.3,80.7
48461,1.9,2.8,0.7,0.0,53.0,42.6
48463,0.6,1.2,0.9,0.1,71.0,27.0
48465,1.2,0.9,0.8,0.1,81.7,15.6
48467,2.7,1.0,0.4,0.1,10.6,84.1
48469,5.8,0.9,1.5,0.1,46.3,45.3
48471,22.7,0.8,1.2,0.1,18.0,56.5
48473,24.9,1.5,1.0,0.1,29.6,43.1
48475,4.1,1.7,0.6,0.1,52.9,40.6
48477,16.9,0.5,2.2,0.0,15.6,64.1
48479,0.3,0.6,0.7,0.1,95.5,3.6
48481,13.0,0.8,0.6,0.1,40.7,45.0
48483,2.6,1.8,0.9,0.0,26.7,67.7
48485,10.3,1.4,2.2,0.1,18.9,65.8
48487,7.5,1.5,2.9,0.1,28.5,58.6
48489,1.9,0.7,0.8,0.1,88.1,9.0
48491,6.3,0.9,6.7,0.2,24.1,60.6
48493,1.5,0.9,0.5,0.1,39.0,57.8
48495,1.9,1.9,0.7,0.0,60.8,35.3
48497,1.4,1.0,0.5,0.1,18.9,77.3
48499,5.2,1.0,0.6,0.1,9.7,82.8
48501,0.9,1.9,0.6,0.0,65.4,32.0
48503,1.3,1.3,0.6,0.1,18.4,78.3
48505,0.2,0.4,0.2,0.0,94.6,4.8
48507,0.4,0.9,0.2,0.2,93.6,5.6
49001,0.3,2.1,1.1,0.4,11.5,84.5
49003,0.3,1.1,0.9,0.2,9.2,87.3
49005,0.6,1.0,2.7,0.5,10.5,84.0
49007,0.6,1.6,0.7,0.3,13.1,83.0
49009,0.4,1.9,0.6,0.1,3.9,92.3
49011,1.2,0.7,2.0,0.8,9.4,84.2
49013,0.3,4.5,0.6,0.4,8.1,85.4
49015,0.3,1.1,0.5,0.1,6.5,91.0
49017,0.3,2.6,1.3,0.4,6.1,88.5
49019,0.5,4.8,1.4,0.1,10.2,82.5
49021,0.6,2.5,0.9,0.4,8.6,86.1
49023,0.3,1.1,0.4,0.2,4.8,92.4
49025,0.5,1.6,0.6,0.1,4.5,91.6
49027,0.2,2.1,1.3,0.2,13.0,83.4
49029,0.2,0.3,0.9,0.1,2.4,95.2
49031,0.3,0.9,0.4,0.2,7.7,89.4
49033,0.2,0.5,0.3,0.1,5.8,92.2
49035,1.6,1.4,4.2,1.7,18.1,71.8
49037,0.3,49.9,0.7,0.1,5.5,43.5
49039,0.8,1.6,0.9,0.6,9.7,85.8
49041,0.4,1.4,0.4,0.2,4.9,92.1
49043,0.6,0.5,1.7,0.2,11.3,84.7
49045,0.8,1.2,0.8,0.5,12.0,83.5
49047,0.4,7.8,0.5,0.5,8.4,81.7
49049,0.6,0.8,1.7,0.9,11.5,82.8
49051,0.4,0.9,1.0,0.2,13.5,83.5
49053,0.5,1.7,0.9,0.9,10.1,85.0
49055,0.1,1.1,0.8,0.2,5.4,91.7
49057,1.3,1.3,1.6,0.3,18.0,76.5
50001,1.1,0.2,1.9,0.0,2.2,92.7
50003,1.1,0.3,1.0,0.1,1.9,94.4
50005,0.6,0.5,0.9,0.0,1.6,95.0
50007,2.4,0.3,4.2,0.1,2.3,88.9
50009,0.6,0.6,0.5,0.0,1.4,95.5
50011,0.6,1.0,0.7,0.0,1.5,94.0
50013,0.7,1.4,0.4,0.1,1.7,92.9
50015,0.8,0.4,0.8,0.0,1.7,94.7
50017,0.6,0.4,0.6,0.0,1.3,95.6
50019,0.7,0.6,0.4,0.0,1.4,95.4
50021,0.6,0.3,0.9,0.0,1.5,95.6
50023,0.9,0.3,0.9,0.0,1.9,94.3
50025,1.1,0.3,1.2,0.1,2.2,93.4
50027,0.7,0.3,1.0,0.0,1.6,94.9
51001,27.8,0.7,0.7,0.2,8.9,60.6
51003,9.6,0.4,5.1,0.1,5.7,77.3
51005,4.5,0.3,0.3,0.1,1.5,91.8
51007,21.6,0.6,0.7,0.0,3.2,72.7
51009,18.7,0.9,0.5,0.0,2.4,75.5
51011,19.4,0.3,0.4,0.1,1.4,76.6
51013,8.8,0.7,10.6,0.1,15.4,62.5
51015,4.1,0.3,0.7,0.0,2.7,91.2
51017,4.6,0.2,0.5,0.0,2.5,91.2
51019,6.9,0.3,1.2,0.0,2.1,88.2
51021,3.7,0.2,0.4,0.0,0.8,94.2
51023,3.1,0.3,0.7,0.0,1.6,93.1
51025,54.7,0.4,0.4,0.1,2.2,41.3
51027,3.2,0.1,0.5,0.0,0.7,94.9
51029,34.0,0.4,0.4,0.0,2.6,60.9
51031,14.4,0.3,1.0,0.0,2.2,80.3
51033,27.5,0.7,0.8,0.1,4.6,63.6
51035,0.7,0.3,0.2,0.0,3.0,95.2
51036,46.3,7.0,0.5,0.1,2.1,41.4
51037,28.2,0.4,0.2,0.0,2.1,67.8
51041,22.8,0.5,3.8,0.1,8.4,62.5
51043,4.6,0.4,1.4,0.1,5.3,86.4
51045,0.3,0.3,0.2,0.0,1.4,97.3
51047,14.4,0.7,1.6,0.1,10.1,71.3
51049,31.6,0.5,0.4,0.0,2.7,62.6
51051,0.4,0.2,0.2,0.0,0.8,97.7
51053,32.2,0.5,0.8,0.0,3.5,61.8
51057,37.9,0.9,1.0,0.2,3.4,54.8
51059,9.6,0.6,19.7,0.1,16.1,51.5
51061,7.5,0.5,1.6,0.1,7.8,80.6
51063,1.9,0.2,0.7,0.0,2.8,93.2
51065,14.7,0.3,0.7,0.1,3.4,78.7
51067,7.9,0.5,0.5,0.1,2.8,87.2
51069,4.0,0.4,1.7,0.1,8.0,84.2
51071,1.5,0.2,0.8,0.0,1.7,94.7
51073,7.9,0.5,1.0,0.1,3.5,85.0
51075,16.6,0.3,1.4,0.0,2.8,77.6
51077,2.4,0.3,0.2,0.0,3.2,92.9
51079,6.6,0.4,1.6,0.1,5.7,83.5
51081,58.9,0.3,0.8,0.0,2.2,36.9
51083,36.1,0.4,0.6,0.0,2.0,59.7
51085,9.1,0.5,1.6,0.1,2.9,84.4
51087,29.8,0.3,8.5,0.1,5.3,54.1
51089,22.0,0.3,0.6,0.0,5.4,70.0
51091,0.7,0.3,0.5,0.0,1.6,96.8
51093,22.8,0.4,1.1,0.0,2.9,71.0
51095,13.1,0.4,2.8,0.1,5.4,76.0
51097,27.1,1.8,0.5,0.0,2.9,65.5
51099,16.2,0.6,1.5,0.1,4.9,73.8
51101,16.7,1.5,0.9,0.0,2.5,76.5
51103,27.5,0.3,0.8,0.0,1.9,68.4
51105,3.7,0.4,0.3,0.0,1.9,92.8
51107,7.2,0.5,18.7,0.1,13.7,57.1
51109,15.9,0.5,0.6,0.1,2.7,78.1
51111,33.2,0.5,0.3,0.2,4.6,59.8
51113,9.0,0.2,0.7,0.0,2.4,85.2
51115,8.9,0.3,0.8,0.1,2.7,85.2
51117,33.9,0.3,0.9,0.1,2.9,60.3
51119,17.1,0.5,0.5,0.1,2.4,77.8
51121,4.0,0.3,6.5,0.0,3.1,84.0
51125,11.8,0.5,0.7,0.0,4.0,81.5
51127,13.0,1.1,1.1,0.0,2.9,79.7
51131,34.3,0.4,0.9,0.2,8.8,54.0
51133,25.0,0.2,0.5,0.1,3.6,69.3
51135,39.2,0.7,0.5,0.1,3.9,54.7
51137,13.0,0.5,1.1,0.1,4.6,78.6
51139,1.9,0.2,0.5,0.0,1.9,94.4
51141,5.6,0.5,0.3,0.1,3.0,89.7
51143,21.3,0.3,0.5,0.0,2.6,74.2
51145,10.4,0.4,0.7,0.0,2.1,85.2
51147,32.0,0.3,1.4,0.1,2.4,62.3
51149,31.2,0.8,1.9,0.4,7.8,55.7
51153,20.5,1.1,8.9,0.2,22.9,43.9
51155,5.0,0.2,0.6,0.0,1.8,91.0
51157,4.4,0.3,0.8,0.1,3.8,88.6
51159,29.1,0.5,0.6,0.0,6.9,61.2
51161,5.7,0.2,3.4,0.0,2.9,86.2
51163,2.8,0.6,0.6,0.0,1.7,92.9
51165,1.9,0.6,0.8,0.1,6.7,89.1
51167,0.9,0.2,0.2,0.0,1.3,96.7
51169,0.8,0.3,0.2,0.1,1.3,96.7
51171,2.2,0.4,0.8,0.0,7.0,88.3
51173,2.3,0.2,0.4,0.0,2.1,94.0
51175,35.1,0.4,0.3,0.1,1.6,61.0
51177,15.5,0.5,2.8,0.1,9.3,69.1
51179,17.4,0.6,3.5,0.2,12.3,63.1
51181,43.0,0.5,0.5,0.2,2.0,52.3
51183,56.6,0.5,0.5,0.0,3.0,38.6
51185,3.1,0.2,0.7,0.0,1.0,94.0
51187,4.6,0.5,1.2,0.0,4.2,87.6
51191,1.3,0.2,0.6,0.0,1.4,95.6
51193,26.4,0.7,0.9,0.1,6.3,63.7
51195,5.5,0.2,0.4,0.0,1.2,91.6
51197,2.7,0.2,0.6,0.0,1.2,93.8
51199,13.1,0.5,5.7,0.3,6.1,71.5
51510,22.1,0.7,6.8,0.1,16.8,51.6
51520,5.5,0.4,1.0,0.0,2.2,89.0
51530,5.0,1.2,0.6,0.3,3.0,87.9
51540,18.6,0.4,7.6,0.1,5.3,65.7
51550,29.4,0.5,3.4,0.1,5.7,58.2
51570,14.1,0.7,3.8,0.1,5.9,73.2
51580,13.2,0.4,0.9,0.0,2.0,81.2
51590,49.8,0.5,1.2,0.1,4.1,43.3
51595,62.5,0.7,1.2,0.1,5.9,28.9
51600,5.3,0.7,17.7,0.1,17.1,57.2
51610,5.2,0.5,9.3,0.0,10.3,71.3
51620,56.8,0.4,0.9,0.1,2.3,37.6
51630,22.5,0.8,3.0,0.1,10.7,60.1
51640,5.9,0.4,0.8,0.3,15.4,75.9
51650,49.1,0.5,2.4,0.1,5.5,39.0
51660,7.1,0.8,4.2,0.2,18.9,67.3
51670,39.8,0.7,1.2,0.3,7.7,47.7
51678,8.9,0.2,3.0,0.1,3.8,81.8
51680,27.9,0.5,2.9,0.1,3.5,63.3
51683,13.3,1.5,6.2,0.2,35.9,42.0
51685,12.6,1.4,10.9,0.3,38.6,35.3
51690,45.5,0.4,1.1,0.0,5.1,46.1
51700,39.9,0.5,3.3,0.2,8.8,44.0
51710,41.2,0.7,3.7,0.2,7.8,43.7
51720,6.3,0.4,1.5,0.0,3.8,86.2
51730,76.7,0.4,1.1,0.1,4.9,15.0
51735,1.2,0.4,2.4,0.0,2.4,91.8
51740,53.2,0.5,1.4,0.1,4.2,38.2
51750,9.6,0.2,2.3,0.0,3.1,82.7
51760,48.4,0.6,2.4,0.2,6.5,40.6
51770,28.9,0.4,3.0,0.1,6.2,59.0
51775,7.1,0.4,2.2,0.1,3.8,85.0
51790,11.3,0.4,1.3,0.0,2.9,81.7
51800,41.8,0.4,1.9,0.1,4.1,49.7
51810,19.1,0.5,7.0,0.2,8.1,62.1
51820,11.7,0.5,1.1,0.1,8.1,75.8
51830,14.9,0.4,6.1,0.1,7.5,68.3
51840,10.8,0.9,2.8,0.1,16.8,67.0
53001,0.5,5.4,1.4,0.1,63.0,34.5
53003,0.6,1.7,0.9,0.2,3.8,91.0
53005,1.4,1.2,3.2,0.2,21.4,71.0
53007,0.5,2.0,1.2,0.3,27.7,68.1
53009,0.9,5.6,1.7,0.2,6.1,83.2
53011,2.0,1.1,4.6,0.9,9.3,79.2
53013,0.7,1.7,1.1,0.3,7.5,87.2
53015,0.8,2.1,1.6,0.4,8.8,84.1
53017,0.5,2.2,1.2,0.3,31.5,64.4
53019,0.5,16.9,1.0,0.3,4.5,73.5
53021,2.1,1.6,2.3,0.4,53.0,40.7
53023,0.0,0.5,1.6,0.0,4.5,91.7
53025,0.9,2.3,1.0,0.2,41.0,54.5
53027,1.2,5.5,1.5,0.3,9.9,79.6
53029,2.8,1.0,5.1,0.5,7.4,79.8
53031,0.9,2.2,1.8,0.3,3.9,88.5
53033,6.4,1.0,17.4,0.9,9.5,61.1
53035,2.7,1.7,5.4,1.0,7.6,77.1
53037,1.0,1.3,2.3,0.2,8.8,84.1
53039,0.4,2.7,0.9,0.2,12.5,81.7
53041,0.7,1.9,1.2,0.2,10.1,83.9
53043,0.4,2.0,0.5,0.2,3.3,91.5
53045,1.1,4.5,1.3,0.4,9.4,81.1
53047,0.7,12.9,1.2,0.3,19.5,65.5
53049,0.8,3.0,2.1,0.2,9.4,82.1
53051,0.7,3.9,0.8,0.1,3.5,88.9
53053,6.8,1.7,6.6,1.6,10.6,67.6
53055,0.6,0.9,1.5,0.1,6.1,89.0
53057,0.7,2.7,2.3,0.3,18.0,75.0
53059,0.5,2.0,1.1,0.2,6.2,87.9
53061,3.1,1.6,10.7,0.6,9.9,70.9
53063,1.8,1.7,2.4,0.5,5.5,85.1
53065,0.5,5.9,0.8,0.2,3.6,86.8
53067,3.1,1.7,6.0,1.0,8.6,75.6
53069,0.3,1.8,1.5,0.2,4.7,88.9
53071,1.9,1.3,1.6,0.3,21.2,72.2
53073,1.0,3.2,4.4,0.3,9.2,79.5
53075,2.4,0.7,8.2,0.3,6.2,78.9
53077,0.8,6.4,1.5,0.3,48.8,43.8
54001,1.1,0.6,0.3,0.0,1.0,95.4
54003,7.2,0.3,1.1,0.1,4.1,84.8
54005,0.7,0.2,0.1,0.0,0.6,97.7
54007,0.6,0.4,0.4,0.0,0.7,96.8
54009,1.4,0.1,0.4,0.0,0.9,95.9
54011,4.9,0.2,1.4,0.0,1.4,90.0
54013,0.3,0.3,0.2,0.0,1.2,97.3
54015,0.2,0.3,0.1,0.0,0.7,97.8
54017,2.1,0.3,0.3,0.0,1.0,95.1
54019,4.4,0.3,0.2,0.0,1.1,92.6
54021,10.7,0.9,0.8,0.1,5.5,81.2
54023,0.9,0.1,0.2,0.0,1.3,96.7
54025,2.9,0.4,0.5,0.0,1.4,93.2
54027,1.2,0.2,0.3,0.0,1.4,95.8
54029,2.5,0.2,0.4,0.0,1.6,93.8
54031,3.0,0.2,1.0,0.0,4.8,89.9
54033,1.7,0.2,0.6,0.0,1.6,94.3
54035,0.3,0.2,0.3,0.1,0.8,97.3
54037,6.2,0.3,1.7,0.1,5.5,83.9
54039,7.5,0.2,1.2,0.0,1.1,87.7
54041,0.6,0.3,0.5,0.0,1.2,96.5
54043,0.3,0.1,0.2,0.0,0.7,97.8
54045,1.8,0.1,0.3,0.0,0.9,96.0
54047,8.8,0.2,0.1,0.0,0.9,88.7
54049,3.3,0.2,0.6,0.0,1.2,93.0
54051,0.8,0.2,0.3,0.0,1.0,96.7
54053,0.8,0.2,0.3,0.1,0.7,96.8
54055,6.1,0.2,0.6,0.0,1.1,90.4
54057,3.0,0.2,0.5,0.0,0.9,94.1
54059,1.8,0.1,0.3,0.0,0.8,95.8
54061,3.8,0.2,3.5,0.1,2.1,88.3
54063,0.8,0.3,0.2,0.0,0.9,96.3
54065,0.8,0.3,0.4,0.0,1.5,95.6
54067,0.3,0.3,0.4,0.0,0.8,97.2
54069,3.6,0.2,0.9,0.0,1.2,92.1
54071,2.0,0.3,0.1,0.1,1.2,95.1
54073,1.4,0.2,0.2,0.0,1.0,96.0
54075,1.1,0.3,0.2,0.0,1.6,95.5
54077,1.2,0.2,0.2,0.0,1.0,96.4
54079,1.1,0.3,0.8,0.0,1.1,95.6
54081,8.1,0.3,1.0,0.0,1.6,87.4
54083,1.5,0.3,0.4,0.0,0.9,96.0
54085,0.4,0.2,0.2,0.0,0.7,97.7
54087,0.3,0.3,0.4,0.0,1.1,96.8
54089,4.4,0.4,0.3,0.0,1.7,91.5
54091,1.1,0.3,0.4,0.0,1.0,96.2
54093,0.3,0.3,0.3,0.0,0.7,97.4
54095,0.2,0.2,0.2,0.0,0.8,97.8
54097,0.8,0.3,0.5,0.0,1.3,96.1
54099,0.4,0.3,0.4,0.0,0.6,97.4
54101,0.5,0.1,0.3,0.0,0.7,97.3
54103,0.5,0.1,0.4,0.0,0.9,97.3
54105,0.4,0.2,0.3,0.0,0.8,97.0
54107,1.2,0.2,0.6,0.0,1.1,95.3
54109,0.7,0.2,0.1,0.0,0.6,97.3
55001,2.8,1.2,0.5,0.1,3.9,90.8
55003,0.4,11.6,0.5,0.0,2.6,82.4
55005,1.3,1.0,0.6,0.0,2.5,93.5
55007,0.6,10.4,0.4,0.0,1.8,84.7
55009,2.5,3.2,3.2,0.1,8.5,81.5
55011,0.4,0.4,0.3,0.0,2.2,95.9
55013,0.6,4.7,0.4,0.0,1.6,90.8
55015,0.6,0.5,2.4,0.0,4.2,91.2
55017,1.6,0.6,1.4,0.0,1.7,93.7
55019,0.4,0.7,0.5,0.0,4.5,93.3
55021,1.5,0.7,0.7,0.1,3.4,92.7
55023,2.0,0.3,0.6,0.0,1.4,94.8
55025,5.1,0.5,6.1,0.1,6.3,80.0
55027,3.1,0.6,0.6,0.1,4.7,90.2
55029,0.6,0.7,0.5,0.0,2.9,94.3
55031,1.1,1.9,1.0,0.0,1.6,91.9
55033,0.7,0.5,2.8,0.0,1.9,93.1
55035,1.0,0.6,4.1,0.1,2.3,90.4
55037,0.3,0.9,0.4,0.0,1.1,96.0
55039,1.6,0.6,1.6,0.1,5.1,90.1
55041,1.1,14.8,0.2,0.1,2.3,79.6
55043,1.3,0.2,0.9,0.0,1.6,95.2
55045,0.7,0.4,0.6,0.0,3.0,94.5
55047,0.7,0.5,0.6,0.0,4.8,92.7
55049,0.6,0.2,0.8,0.0,1.6,95.9
55051,0.2,1.2,0.3,0.0,1.4,95.5
55053,2.1,6.8,0.5,0.1,3.3,86.3
55055,0.9,0.5,0.9,0.0,7.1,89.7
55057,2.3,1.5,0.5,0.1,3.2,91.6
55059,6.8,0.7,1.7,0.1,13.0,76.2
55061,0.5,0.6,0.4,0.0,2.8,94.8
55063,1.4,0.5,4.6,0.0,1.8,90.1
55065,0.5,0.6,0.4,0.0,3.7,94.4
55067,0.7,1.4,0.5,0.0,2.0,94.3
55069,0.9,0.5,0.6,0.0,1.5,95.5
55071,0.8,0.7,2.8,0.0,3.8,91.0
55073,0.7,0.6,5.8,0.0,2.8,89.0
55075,0.5,0.8,0.5,0.0,1.5,95.6
55077,0.5,0.8,0.7,0.0,3.2,93.7
55078,0.7,82.9,1.7,0.0,5.8,11.5
55079,26.2,1.0,4.3,0.0,14.8,51.9
55081,1.3,1.4,0.8,0.1,4.2,91.2
55083,0.3,1.5,0.5,0.0,1.7,95.1
55085,0.5,1.2,0.6,0.0,1.5,95.0
55087,1.2,1.9,3.4,0.1,4.2,88.0
55089,1.5,0.3,2.5,0.0,2.8,91.8
55091,0.3,0.3,0.3,0.0,1.8,96.7
55093,0.6,0.5,0.9,0.0,2.0,94.7
55095,0.3,1.2,0.5,0.0,1.9,95.1
55097,0.8,0.5,3.0,0.0,3.1,91.5
55099,0.6,0.7,0.6,0.7,1.6,94.8
55101,11.2,0.6,1.4,0.1,12.9,72.4
55103,0.7,0.4,0.7,0.1,2.2,95.1
55105,4.8,0.5,1.3,0.1,8.6,83.1
55107,1.0,0.6,0.6,0.0,1.8,95.0
55109,0.8,0.4,1.1,0.0,2.3,94.2
55111,0.9,1.5,0.7,0.0,4.9,91.1
55113,0.6,17.7,0.3,0.0,2.4,77.0
55115,0.4,8.2,0.5,0.0,2.6,87.0
55117,1.8,0.5,5.5,0.1,6.3,84.7
55119,0.4,0.4,0.5,0.1,1.9,96.1
55121,0.4,0.9,0.7,0.1,7.9,90.2
55123,0.4,0.3,0.5,0.0,1.6,96.3
55125,0.3,11.3,0.5,0.0,2.3,85.1
55127,1.1,0.5,1.1,0.1,11.2,85.4
55129,0.3,1.6,0.6,0.0,1.7,94.3
55131,1.1,0.4,1.4,0.0,3.1,93.1
55133,1.5,0.3,3.5,0.1,4.7,88.9
55135,0.4,0.7,0.5,0.0,3.0,94.6
55137,2.0,0.8,0.6,0.1,6.4,89.6
55139,2.0,0.7,2.8,0.0,4.0,89.2
55141,0.7,0.9,1.9,0.0,2.9,92.7
56001,1.6,1.1,3.3,0.1,9.4,83.1
56003,0.5,1.5,0.5,0.0,9.0,87.8
56005,0.5,1.6,0.7,0.1,8.6,87.5
56007,1.2,1.7,1.0,0.1,18.7,76.9
56009,0.6,1.3,0.6,0.1,8.1,88.4
56011,0.8,0.9,0.3,0.0,2.5,94.3
56013,0.4,21.8,0.5,0.1,6.9,70.1
56015,0.9,1.2,0.5,0.1,10.4,86.4
56017,0.7,1.5,0.6,0.1,4.4,91.5
56019,0.8,1.5,0.9,0.0,4.6,91.2
56021,2.6,1.2,1.3,0.2,14.6,78.6
56023,0.5,1.0,0.5,0.1,4.5,92.7
56025,1.1,1.4,0.9,0.1,8.5,86.8
56027,0.8,1.7,0.6,0.0,3.4,91.5
56029,0.9,0.9,0.8,0.1,5.7,90.8
56031,0.6,0.8,0.6,0.1,8.2,88.7
56033,0.9,1.4,0.8,0.1,4.0,91.8
56035,0.9,1.1,1.1,0.1,8.1,88.1
56037,1.1,1.5,0.8,0.2,16.1,79.6
56039,0.6,0.9,1.2,0.1,15.1,81.5
56041,0.7,1.3,0.6,0.2,9.0,87.5
56043,0.5,1.7,0.8,0.1,13.9,82.6
56045,0.6,1.5,0.6,0.0,4.0,91.9
